#{"t_start": 1541189235.4830322, "env_id": "DartBlockPush-v0"}
r,l,t
0,2,7.293856
0.169256,3,7.947926
0.218968,3,8.476784
0.595559,3,9.092884
0.406929,3,9.657813
0.664702,3,10.153966
0.107946,3,10.733205
-0.146527,3,11.227758
0.558789,3,11.753813
0.468969,3,12.262286
0.801033,3,12.845153
0.51015,3,13.350218
-0.39507,3,13.875505
0.829597,3,14.472699
0.265982,3,14.988752
0.388286,3,15.503903
0.228368,3,16.081022
0.639466,3,16.598475
0.285671,3,17.134407
0.585528,3,17.725198
0.666801,3,18.245537
0.165109,3,18.757324
0.80797,3,19.36905
0.377683,3,19.947207
0.784953,3,20.478887
0.903034,3,21.073847
0.734554,3,21.60109
0.500657,3,22.146812
0.611035,3,22.660791
0.755636,3,23.316102
0.170219,3,23.838588
0.851135,3,24.365232
0.514924,3,25.025833
0.62432,3,25.537333
0.652885,3,26.074192
0.316273,3,26.671633
0.193761,3,27.211318
0.384039,3,27.726981
0.750021,3,28.348843
0.516879,3,28.882188
0.394897,3,29.406148
0.408203,3,30.008843
0.716708,3,30.549807
0.480705,3,35.451026
0.032894,3,36.041096
0.21794,3,36.578896
0.698833,3,37.116317
0.358915,3,37.618211
0.309392,3,38.189323
0.232579,3,38.692359
0.556415,3,39.209097
-0.046791,3,39.797734
0.581471,3,40.370091
0.564925,3,40.889144
0.190438,3,41.510606
0.190724,3,42.059839
0.62924,3,42.616068
0.416704,3,43.268844
0.667543,3,43.786421
0.465161,3,44.308173
0.492515,3,44.895597
0.569497,3,45.400114
0.683393,3,45.908739
0.645734,3,46.480946
0.460272,3,47.07486
0.351408,3,47.616449
0.397733,3,48.155231
0.496791,3,48.776526
0.617758,3,49.284265
0.536859,3,49.811994
0.818036,3,50.41656
0.485398,3,51.003525
0.497669,3,51.544462
0.279583,3,52.16102
0.066021,3,52.660778
0.085856,3,53.172643
0.130114,3,53.755424
0.734921,3,54.285387
0.371199,3,54.859955
0.651808,3,55.489223
0.782056,3,56.023337
0.296404,3,56.531119
0.090632,3,57.054105
0.924643,3,57.649752
0.104499,3,58.177123
0.097896,3,59.236703
0.87313,3,59.854482
0.285202,3,60.383224
-0.068282,3,60.93812
0.27117,3,61.520672
0.676928,3,62.048008
0.67934,3,62.578848
0.180855,3,63.168022
0.401664,3,63.710655
0.422756,3,64.249853
0.667374,3,64.883801
0.652188,3,65.448547
0.05169,3,66.03509
0.803069,3,66.547089
0.317629,3,67.159213
0.786805,3,67.694215
0.494076,3,68.226636
0.607476,3,68.849263
0.054009,3,69.36745
0.704715,3,69.895073
0.720919,3,70.484276
0.854875,3,71.048502
0.681317,3,71.603155
0.638963,3,72.290504
0.340554,3,72.859285
0.574667,3,73.397573
0.288028,3,74.039596
0.123645,3,74.577056
-0.046477,3,75.120723
0.340358,3,75.701224
0.045455,3,76.26028
0.524426,3,76.808134
0.434886,3,77.355846
0.458488,3,77.984818
0.147375,3,78.531171
0.142055,3,79.055129
0.563053,3,79.718681
0.460447,3,80.245634
0.368759,3,80.78003
0.934907,3,81.380765
0.826261,3,81.902359
0.231809,3,82.408223
0.197691,3,82.99777
0.172523,3,84.10337
0.782769,3,84.62035
-0.0744,3,85.18955
0.618954,3,85.70356
0.741251,3,86.245569
0.672269,3,86.85376
0.196274,3,87.382787
0.217699,3,87.932495
0.547393,3,88.463421
0.049206,3,89.033563
0.160414,3,89.570724
0.02241,3,90.08683
0.517146,3,90.718679
0.430297,3,91.280205
0.820391,3,91.800269
0.152147,3,92.40121
0.613785,3,92.944255
0.594437,3,93.461207
0.871239,3,94.060401
0.683069,3,94.584275
0.35345,3,95.101794
0.281694,3,95.75007
0.024636,3,96.298418
0.319097,3,96.825082
0.524245,3,97.423506
0.270814,3,97.970156
0.164497,3,98.543073
0.433928,3,99.180175
0.541846,3,99.755522
-0.112565,3,100.293142
0.259979,3,100.838606
-0.300524,3,101.44745
-0.085365,3,101.977257
0.16456,3,102.538075
0.5265,3,103.120311
0.579242,3,103.618335
0.650435,3,104.182898
0.416397,3,104.792466
0.352509,3,105.34035
-0.250314,3,105.889205
0.442481,3,106.529048
0.854158,3,107.094746
0.692204,3,107.656019
0.504993,3,108.8187
0.475222,3,109.396426
0.622529,3,109.89891
0.059355,3,110.538738
0.779993,3,111.101833
0.198649,3,111.689641
0.164484,3,112.229331
0.494062,3,112.86184
0.756395,3,113.373834
0.793497,3,113.904662
0.442474,3,114.517711
0.354879,3,115.056219
0.639845,3,115.647444
0.671488,3,116.251184
0.128519,3,116.776147
0.178795,3,117.312562
0.443199,3,117.918329
-0.019364,3,118.445686
0.512647,3,118.981805
0.744991,3,119.578248
0.606199,3,120.128763
0.126785,3,120.669083
0.345229,3,121.184669
0.471756,3,121.78685
0.702687,3,122.348247
0.586825,3,122.878297
0.567316,3,123.463089
0.535043,3,124.008851
0.69579,3,124.602443
0.134857,3,125.21426
0.520673,3,125.763938
0.271733,3,126.275376
0.4101,3,126.877024
0.39219,3,127.445185
0.778606,3,127.993588
-0.290322,3,128.60822
0.564883,3,129.148381
0.672397,3,129.691668
0.374687,3,130.267938
0.417161,3,130.817814
0.256638,3,131.412748
0.901511,3,131.991076
0.263809,3,133.176611
0.110235,3,133.726263
-0.148068,3,134.258115
0.668473,3,134.865957
-0.143592,3,135.385638
0.62543,3,135.910823
0.303098,3,136.544428
0.711132,3,137.075308
0.483766,3,137.59138
0.253321,3,138.182662
0.414938,3,138.736046
0.592853,3,139.300226
0.349007,3,139.914976
0.77877,3,140.500248
0.522233,3,141.063173
0.248401,3,141.699268
0.503693,3,142.201553
0.660573,3,142.740612
0.558147,3,143.269568
0.054193,3,143.861251
0.23634,3,144.401702
0.56025,3,144.946765
-0.039676,3,145.536348
0.366619,3,146.074534
0.515231,3,146.614786
0.425847,3,147.203599
0.071348,3,147.736059
0.083728,3,148.237258
0.40406,3,148.880657
0.105125,3,149.414861
0.365466,3,149.911163
0.359819,3,150.507248
0.676457,3,151.067666
0.09035,3,151.599996
0.693597,3,152.211831
0.240805,3,152.756638
0.032734,3,153.288963
0.605682,3,153.844189
0.122181,3,154.428624
0.724589,3,154.952255
0.648835,3,155.513079
0.046104,3,156.160477
0.546426,3,156.691225
-0.181398,3,157.761949
0.929125,3,158.390984
-0.143972,3,158.932744
0.709781,3,159.441797
0.199107,3,160.062542
0.403784,3,160.607819
0.527823,3,161.151222
0.349165,3,161.80889
0.019823,3,162.374978
0.761457,3,162.950829
0.200898,3,163.563617
0.76731,3,164.08055
0.319573,3,164.586864
0.258447,3,165.150541
0.192023,3,165.734478
0.625617,3,166.269076
0.371701,3,166.788616
0.696579,3,167.375954
0.656257,3,167.887041
0.672253,3,168.479389
0.474916,3,169.119174
0.343146,3,169.690724
0.271633,3,170.244101
0.881194,3,170.875075
-0.108589,3,171.443053
0.454918,3,171.98496
0.701644,3,172.624944
0.12689,3,173.199018
0.057935,3,173.743443
0.899059,3,174.34025
0.572414,3,174.880222
0.598208,3,175.442756
0.021564,3,175.979176
0.478826,3,176.59721
0.252771,3,177.155171
0.742114,3,177.695704
0.468441,3,178.284932
0.264424,3,178.832524
0.309886,3,179.357237
0.679015,3,179.946173
0.700355,3,180.489006
0.614018,3,181.037999
0.292673,3,181.643046
0.366718,3,182.725792
0.48691,3,183.27471
0.014184,3,183.869666
0.41815,3,184.416598
0.673932,3,184.994021
0.5244,3,185.58642
0.568749,3,186.164213
0.314522,3,186.73815
0.360047,3,187.335321
0.839467,3,187.935838
0.573815,3,188.438749
0.596648,3,188.982548
-0.156285,3,189.594718
0.589461,3,190.138525
0.275336,3,190.687259
0.179019,3,191.280507
0.627921,3,191.825991
0.61636,3,192.346622
0.4714,3,192.955954
0.275898,3,193.498594
0.455419,3,194.035475
0.009058,3,194.655933
0.447046,3,195.196716
0.601223,3,195.7296
0.363791,3,196.362603
0.366619,3,196.888602
0.133588,3,197.414856
0.719601,3,198.050105
0.262805,3,198.618012
0.602441,3,199.138952
0.411342,3,199.645898
0.091254,3,200.266668
0.108727,3,200.825654
0.446821,3,201.337661
0.507206,3,201.943212
0.608828,3,202.487077
0.173275,3,203.029654
0.690427,3,203.610299
0.311871,3,204.188075
-0.006812,3,204.732944
0.684022,3,205.342949
0.303099,3,205.892
0.594147,3,206.98905
0.646426,3,207.532536
0.217897,3,208.152859
0.685355,3,208.689597
0.820626,3,209.239613
0.48871,3,209.878147
0.319753,3,210.418289
0.373069,3,210.951825
0.705443,3,211.561522
0.739014,3,212.098937
0.49681,3,212.654005
0.072625,3,213.253591
0.345043,3,213.816779
0.368784,3,214.389069
-0.118555,3,214.919755
0.051988,3,215.508931
0.661553,3,216.035474
0.688075,3,216.60738
0.329193,3,217.200603
0.56725,3,217.73571
-0.074276,3,218.269357
0.822294,3,218.93021
0.78202,3,219.463873
0.860572,3,220.014974
0.534176,3,220.619909
0.763546,3,221.188213
0.164673,3,221.707068
0.409677,3,222.310685
-0.005969,3,222.858724
0.720047,3,223.383915
0.775736,3,223.986112
0.609868,3,224.522134
0.150347,3,225.048414
0.440364,3,225.560799
0.436861,3,226.18587
0.501056,3,226.7323
0.331174,3,227.253171
0.450093,3,227.862158
0.57147,3,228.381433
0.905778,3,228.890841
0.907232,3,229.520021
0.046525,3,230.054651
0.288645,3,230.593862
0.624026,3,231.725519
0.440477,3,232.251273
0.725561,3,232.832662
0.801327,3,233.439747
0.510534,3,233.977996
0.605251,3,234.5024
0.514,3,235.036221
0.364991,3,235.623996
0.53223,3,236.160284
-0.033934,3,236.691422
0.355465,3,237.313795
0.615268,3,237.842691
0.896163,3,238.374034
0.946433,3,239.034338
0.497303,3,239.584785
0.617013,3,240.126846
0.327935,3,240.743432
0.887232,3,241.289421
0.538615,3,241.82606
0.62139,3,242.432073
0.505292,3,242.946687
0.01935,3,243.487211
0.648304,3,244.068994
0.63293,3,244.593179
0.302799,3,245.18046
0.485603,3,245.783301
0.584805,3,246.282352
0.202439,3,246.812464
-0.047791,3,247.366051
0.535458,3,247.967739
0.745778,3,248.505888
-0.048406,3,249.054782
0.545856,3,249.649828
0.646569,3,250.176331
0.553899,3,250.70403
0.602764,3,251.299016
0.383829,3,251.829106
0.208575,3,252.376274
0.634844,3,252.980007
0.606085,3,253.519701
0.247187,3,254.046278
0.250347,3,254.683908
0.183341,3,255.202871
0.373171,3,256.212539
0.439298,3,256.827332
0.408431,3,257.378742
0.714162,3,257.930708
0.248129,3,258.448493
0.087078,3,259.096005
0.439659,3,259.62184
0.159624,3,260.160345
0.029731,3,260.763457
0.312255,3,261.298603
0.860745,3,261.862498
0.650016,3,262.467034
0.249085,3,263.001783
0.559939,3,263.557348
0.347426,3,264.147254
0.666942,3,264.664916
0.743736,3,265.204575
0.655931,3,265.782978
0.64612,3,266.281859
0.314726,3,266.868123
0.154905,3,267.49771
0.899722,3,268.025816
0.676979,3,268.558857
0.317778,3,269.077044
0.308842,3,269.728895
0.7388,3,270.315254
0.512936,3,270.892095
0.564736,3,271.503287
0.510124,3,272.060262
0.414274,3,272.622308
0.600106,3,273.253183
0.964824,3,273.796821
0.873871,3,274.403542
0.404551,3,275.018374
0.545368,3,275.526853
0.958909,3,276.063013
0.826852,3,276.696664
0.387492,3,277.251054
0.603873,3,277.812943
0.50799,3,278.454498
0.488399,3,279.026027
0.412321,3,279.564595
-0.206045,3,280.613346
0.743814,3,281.237989
0.557111,3,281.802244
0.418701,3,282.342552
0.476811,3,282.942354
0.743229,3,283.462373
0.854579,3,283.995332
0.168471,3,284.605523
0.793001,3,285.131004
0.650367,3,285.658971
0.210311,3,286.290187
0.753744,3,286.802772
0.884298,3,287.331943
0.491022,3,287.99797
-0.135946,3,288.537938
0.569991,3,289.077432
0.296833,3,289.71755
0.329096,3,290.398604
0.591752,3,290.935139
0.079484,3,291.468887
0.671638,3,292.073467
0.782164,3,292.656008
0.288781,3,293.197937
0.049927,3,293.845075
0.814642,3,294.404832
0.798883,3,294.951326
0.656278,3,295.593777
0.419908,3,296.152325
0.117912,3,296.699026
0.714873,3,297.313675
-0.003476,3,297.822701
0.081368,3,298.347818
0.240477,3,298.896594
0.754119,3,299.502279
0.540322,3,300.038046
0.648814,3,300.573904
0.19721,3,301.185576
0.593694,3,301.727699
0.402524,3,302.236148
0.415915,3,302.832165
0.60031,3,303.361162
0.451398,3,303.902205
0.258662,3,304.522524
0.035086,3,305.624428
-0.006075,3,306.252983
0.372999,3,306.918848
0.120415,3,307.512553
0.308669,3,308.086285
0.539396,3,308.715096
0.630519,3,309.292406
0.535309,3,309.864556
0.467965,3,310.424505
0.620249,3,311.051984
0.425651,3,311.610309
0.44566,3,312.19065
0.505215,3,312.786614
0.354674,3,313.347602
0.464388,3,313.932472
0.138808,3,314.556938
0.412073,3,315.110695
0.407242,3,315.641071
0.67476,3,316.271006
0.152559,3,316.827316
0.259953,3,317.363312
0.002336,3,317.967744
0.172887,3,318.499336
0.731734,3,319.054762
0.287142,3,319.593712
0.837075,3,320.19924
0.60144,3,320.75069
0.287003,3,321.292969
0.840249,3,321.962466
0.343146,3,322.573158
0.729813,3,323.092349
0.575905,3,323.702314
0.161271,3,324.239982
0.753076,3,324.789765
0.835137,3,325.426971
0.51035,3,325.982428
0.487783,3,326.547651
0.361538,3,327.15475
0.506463,3,327.713957
0.381116,3,328.254041
0.812529,3,328.758349
0.787317,3,329.417726
0.14301,3,329.989151
0.646532,3,331.090774
0.000969,3,331.671608
0.540609,3,332.272962
-0.106109,3,332.862154
0.466872,3,333.450681
0.918305,3,334.008303
0.288152,3,334.554905
0.794036,3,335.162554
0.844412,3,335.717142
0.123007,3,336.230221
0.378247,3,336.865915
0.348372,3,337.416452
0.281816,3,338.030941
0.411707,3,338.668705
0.100287,3,339.186925
0.647116,3,339.733236
0.557985,3,340.288097
0.379881,3,340.921572
0.469204,3,341.512898
0.230202,3,342.033304
0.069244,3,342.647503
0.62281,3,343.189075
0.563042,3,343.767417
-0.347375,3,344.371313
0.004185,3,344.885125
0.40808,3,345.432802
0.520341,3,346.033376
0.668283,3,346.586781
0.536761,3,347.1277
0.595052,3,347.769834
0.840364,3,348.300561
0.561163,3,348.827739
0.571379,3,349.335723
0.681714,3,349.911781
0.319761,3,350.428411
0.546789,3,350.954878
0.327211,3,351.570958
-0.136053,3,352.107742
0.788847,3,352.667911
0.431891,3,353.298691
0.479499,3,353.81125
0.55219,3,354.34744
-0.204318,3,355.515933
0.516054,3,356.091446
0.414831,3,356.663823
0.597862,3,357.279426
0.881967,3,357.878226
0.123296,3,358.434419
-0.060068,3,359.00246
0.834589,3,359.63535
0.136965,3,360.18152
0.222099,3,360.763409
0.470963,3,361.410654
-0.189009,3,361.960253
0.187475,3,362.485477
0.031597,3,363.10619
0.402777,3,363.677696
-0.401779,3,364.231812
0.212753,3,364.854784
0.585219,3,365.413234
-0.410334,3,365.970476
0.369032,3,366.567209
0.315607,3,367.178066
0.129961,3,367.734339
0.791567,3,368.254075
0.114313,3,368.865494
0.521486,3,369.413449
-0.008986,3,369.96269
0.33254,3,370.555315
0.427,3,371.108846
0.476779,3,371.650415
0.623629,3,372.268476
0.354738,3,372.800297
0.629456,3,373.393624
0.376433,3,374.008236
0.723916,3,374.557796
0.628199,3,375.087738
0.711374,3,375.706867
0.640674,3,376.243772
0.458993,3,376.760441
0.176193,3,377.297255
0.858757,3,377.899178
0.659072,3,378.441162
0.248279,3,378.982539
0.360867,3,379.576956
0.752923,3,380.72171
0.012225,3,381.253389
-0.217485,3,381.89103
0.763959,3,382.40866
0.219621,3,382.998961
0.622794,3,383.66745
0.131257,3,384.202749
0.11766,3,384.733559
0.562424,3,385.350364
0.517994,3,385.868374
0.708542,3,386.386658
-0.204905,3,387.00086
0.558974,3,387.517437
0.427256,3,388.036828
0.275525,3,388.574891
0.746265,3,389.187798
0.858093,3,389.732561
0.344585,3,390.268188
0.629403,3,390.916544
0.462453,3,391.477394
0.406713,3,392.063386
0.84863,3,392.71821
0.70256,3,393.244852
0.599604,3,393.758659
0.311539,3,394.407414
0.69178,3,394.932945
0.453246,3,395.460671
0.459055,3,396.052834
0.167673,3,396.631428
0.018314,3,397.202797
0.484627,3,397.795592
0.453135,3,398.398255
0.508557,3,398.930395
0.947154,3,399.521914
0.703454,3,400.106729
0.657625,3,400.667714
0.444598,3,401.177131
0.619915,3,401.797991
0.309172,3,402.354932
0.684225,3,402.90047
0.443745,3,403.50373
0.342624,3,404.02899
-0.034228,3,404.564133
0.630409,3,405.697832
0.718405,3,406.281303
0.649412,3,406.84739
0.555805,3,407.475845
0.380922,3,408.018884
0.097787,3,408.570421
0.563443,3,409.214924
0.339114,3,409.936313
-0.3138,3,410.553347
0.277687,3,411.145078
0.133494,3,411.848107
-0.066103,3,412.422922
0.129663,3,412.964636
0.440075,3,413.561171
0.644975,3,414.082899
0.46284,3,414.596664
0.419046,3,415.242471
0.401497,3,415.785202
0.234809,3,416.305711
0.563936,3,416.890347
0.663011,3,417.456658
0.47422,3,417.991976
0.478901,3,418.649896
0.170451,3,419.174916
0.212491,3,419.702446
0.3819,3,420.310027
0.659751,3,420.828132
0.513209,3,421.365111
0.757344,3,421.937625
0.943353,3,422.584835
0.657521,3,423.112341
0.395911,3,423.631504
0.29896,3,424.223612
0.243463,3,424.721443
0.090613,3,425.246128
0.181207,3,425.857572
0.237973,3,426.369989
0.014223,3,426.967374
0.292603,3,427.567416
0.945858,3,428.115374
0.422172,3,428.630788
0.675836,3,429.158876
0.594381,3,430.320443
0.385434,3,430.872917
0.053397,3,431.419961
0.618717,3,432.016648
0.656293,3,432.581609
0.904782,3,433.13066
0.279552,3,433.772268
0.415359,3,434.307039
0.440611,3,434.821816
0.648734,3,435.359646
0.334724,3,435.964941
0.756558,3,436.516345
0.278158,3,437.021576
0.801954,3,437.669338
0.719248,3,438.224995
0.675305,3,438.763406
0.011825,3,439.36338
0.459173,3,439.929563
0.688545,3,440.496645
0.77088,3,441.128074
0.608804,3,441.646119
0.496508,3,442.206445
0.32983,3,442.828696
0.312412,3,443.36914
0.18675,3,443.944393
0.769656,3,444.572099
0.578267,3,445.101556
-0.065498,3,445.660421
0.344593,3,446.303908
0.446185,3,446.83018
0.369526,3,447.370864
0.512283,3,448.008942
0.146712,3,448.518134
0.702487,3,449.041304
0.077752,3,449.578043
0.15932,3,450.183199
0.215966,3,450.741837
-0.246494,3,451.278333
0.565008,3,451.905427
0.695577,3,452.490131
-0.101747,3,453.04343
0.363547,3,453.718618
0.586014,3,454.308656
0.567106,3,455.387676
0.411555,3,455.96666
0.373519,3,456.525425
0.535807,3,457.07202
0.707721,3,457.717837
0.239715,3,458.269322
0.534648,3,458.806444
0.498585,3,459.345369
0.706605,3,459.995941
0.386022,3,460.505097
0.546174,3,461.082274
-0.016807,3,461.692995
0.271558,3,462.231953
0.500775,3,462.796363
0.291589,3,463.390399
0.139721,3,463.92635
0.094415,3,464.465888
-0.247456,3,465.086002
0.451061,3,465.65908
0.69408,3,466.231715
-0.393983,3,466.838711
0.655751,3,467.40153
0.183245,3,467.946388
0.433433,3,468.493504
0.64078,3,469.079382
0.598625,3,469.656302
0.246216,3,470.165882
0.591292,3,470.806182
0.182325,3,471.310103
0.259858,3,471.831999
0.696436,3,472.473567
0.330095,3,473.027087
0.669149,3,473.600799
0.177347,3,474.272007
0.937898,3,474.804033
0.321881,3,475.353197
0.7503,3,475.958866
0.546498,3,476.475266
-0.069575,3,477.011653
0.855494,3,477.570904
0.611013,3,478.184689
0.354603,3,478.727291
0.522374,3,479.298647
0.81661,3,480.430155
0.418471,3,480.979948
0.73639,3,481.572253
0.474155,3,482.185509
0.412559,3,482.740763
0.632501,3,483.29021
0.290997,3,483.904191
0.279182,3,484.427391
0.521578,3,484.968004
-0.107389,3,485.498039
0.382596,3,486.138366
0.576235,3,486.695842
0.63248,3,487.269661
0.100647,3,487.864114
0.286309,3,488.39214
0.473243,3,488.93841
0.159961,3,489.523183
0.079596,3,490.072661
0.759387,3,490.596257
-0.243999,3,491.196037
0.49688,3,491.710958
0.347863,3,492.245523
0.23133,3,492.88834
0.392338,3,493.451634
0.511142,3,494.003317
-0.202014,3,494.585056
0.700485,3,495.134795
0.563034,3,495.690681
0.182365,3,496.251948
0.141821,3,496.862159
0.639686,3,497.447213
0.444014,3,498.021163
-0.17418,3,498.645394
0.179243,3,499.174568
0.325213,3,499.727445
0.241419,3,500.328922
0.289189,3,500.872549
0.106274,3,501.409453
0.504209,3,502.020967
0.590472,3,502.537395
0.470166,3,503.059858
0.398788,3,503.689226
0.490374,3,504.762075
0.348462,3,505.318464
0.520794,3,505.946055
0.597108,3,506.47075
0.426436,3,506.992644
0.245405,3,507.627423
0.453018,3,508.162048
0.505173,3,508.685108
0.744596,3,509.301442
0.317625,3,509.845131
0.444757,3,510.384281
0.374452,3,510.918128
0.533784,3,511.521917
0.276783,3,512.070146
0.637429,3,512.61745
0.520385,3,513.278958
0.6154,3,513.811636
0.477656,3,514.345346
0.389044,3,514.983922
0.234271,3,515.522971
0.536269,3,516.04222
0.366953,3,516.668364
0.240119,3,517.24435
0.233817,3,517.764817
0.3414,3,518.337841
0.498243,3,518.870118
0.50751,3,519.428928
0.641356,3,520.076141
0.463925,3,520.602563
0.61222,3,521.153382
0.157096,3,521.701316
-0.07739,3,522.307169
0.354966,3,522.858718
0.308429,3,523.423419
0.231631,3,524.035135
0.491566,3,524.624997
0.637797,3,525.157528
0.578345,3,525.782844
0.475373,3,526.298165
0.620767,3,526.807887
0.574204,3,527.399095
0.558676,3,527.934144
0.251982,3,528.491427
0.684893,3,529.710842
0.445982,3,530.243508
0.080174,3,530.788018
0.56696,3,531.325649
0.369794,3,531.939392
0.701407,3,532.519259
-0.110885,3,533.065332
0.616325,3,533.691192
0.416778,3,534.208454
0.066357,3,534.733063
0.289539,3,535.328717
0.36484,3,535.857591
0.316172,3,536.395851
0.748325,3,537.003693
0.698581,3,537.532176
0.095845,3,538.061245
-0.040719,3,538.647671
0.611786,3,539.184963
0.677321,3,539.730427
0.560957,3,540.298337
0.880096,3,541.004176
0.302964,3,541.58583
0.471393,3,542.10913
0.501248,3,542.722023
-0.095409,3,543.25593
0.272048,3,543.781521
0.174935,3,544.41186
0.853532,3,544.964718
0.657372,3,545.501456
0.880323,3,546.1307
0.684007,3,546.697916
0.401726,3,547.216825
0.60072,3,547.855703
0.512838,3,548.401737
0.787656,3,548.938542
0.645725,3,549.471408
0.508966,3,550.095086
0.793083,3,550.644153
0.451704,3,551.196289
0.609152,3,551.820455
0.25906,3,552.338595
0.130862,3,552.842614
0.526242,3,553.430114
0.845204,3,554.462649
0.395619,3,554.987965
0.594132,3,555.597177
0.465283,3,556.133857
0.588653,3,556.674232
0.567163,3,557.22019
-0.191405,3,557.800389
0.806431,3,558.32876
0.493301,3,558.83746
0.481425,3,559.438362
0.358987,3,559.987101
0.213983,3,560.518915
0.443982,3,561.144273
0.673319,3,561.659531
0.587168,3,562.204016
0.389296,3,562.83112
-0.173942,3,563.415286
0.361742,3,563.944841
0.858028,3,564.590483
0.146482,3,565.135853
0.51143,3,565.691353
0.028478,3,566.274463
0.671765,3,566.827788
0.403943,3,567.393345
0.698498,3,567.926361
0.616107,3,568.525196
0.279504,3,569.066587
0.007006,3,569.608529
0.191952,3,570.236433
0.539571,3,570.747491
0.724459,3,571.331108
0.438414,3,571.935055
0.049801,3,572.455414
0.201131,3,572.995221
0.344472,3,573.592761
0.846328,3,574.144467
0.66591,3,574.691544
0.303014,3,575.314045
0.47834,3,575.857457
0.289027,3,576.385036
0.466405,3,576.894141
0.645544,3,577.52309
-0.021355,3,578.566281
0.68686,3,579.09205
0.405472,3,579.700224
0.451195,3,580.234265
0.252805,3,580.760928
0.643139,3,581.407214
0.044136,3,581.921155
0.355358,3,582.457536
0.327182,3,583.071687
0.559162,3,583.612666
0.565,3,584.123088
0.612226,3,584.736054
0.415192,3,585.291591
0.490434,3,585.826553
0.361343,3,586.329695
0.219605,3,586.925016
0.042912,3,587.45733
0.222857,3,587.994667
0.214823,3,588.655838
0.646113,3,589.167669
0.498406,3,589.689791
0.5249,3,590.289018
0.481466,3,590.803977
0.817148,3,591.325154
0.558064,3,591.918231
0.538631,3,592.448343
0.734771,3,593.013885
0.851832,3,593.607136
0.59359,3,594.142597
0.402861,3,594.712287
0.75182,3,595.316688
0.81049,3,595.892962
0.647634,3,596.407786
0.453624,3,596.99574
0.596339,3,597.523876
0.179874,3,598.076915
0.2849,3,598.68137
0.184879,3,599.202991
-0.00912,3,599.75552
-0.0038,3,600.295229
-0.141349,3,600.892976
-0.064311,3,601.385408
0.810554,3,601.904968
0.324307,3,603.044036
0.453091,3,603.585958
0.448119,3,604.10606
0.694324,3,604.701424
0.521233,3,605.271959
0.286319,3,605.815562
0.299556,3,606.436629
0.33002,3,606.978965
0.229389,3,607.546034
-0.359273,3,608.101301
0.351175,3,608.719871
0.663429,3,609.252432
0.429767,3,609.778975
0.609568,3,610.372923
0.760701,3,610.867002
0.605304,3,611.392528
0.587684,3,611.996693
0.015676,3,612.568144
0.330428,3,613.10582
0.057185,3,613.725644
0.463626,3,614.276245
0.638512,3,614.829323
0.861373,3,615.442293
0.116093,3,615.951053
0.338847,3,616.478335
0.541274,3,617.063419
0.271741,3,617.671561
0.735251,3,618.213497
-0.157244,3,618.832224
0.264859,3,619.379267
0.451663,3,619.915608
0.25914,3,620.478374
0.467798,3,621.091519
-0.008991,3,621.624783
0.683747,3,622.179621
-0.130795,3,622.761292
0.65104,3,623.295407
0.348239,3,623.821241
0.38323,3,624.411587
0.163108,3,624.948069
0.55092,3,625.455506
0.738144,3,626.047014
0.742176,3,626.567239
0.164518,3,627.664605
0.774083,3,628.246825
0.656442,3,628.772113
0.202957,3,629.307706
0.832334,3,629.871826
0.835267,3,630.49836
0.14475,3,631.017495
0.682942,3,631.56777
0.876432,3,632.163506
0.831739,3,632.715265
0.26303,3,633.268763
0.384312,3,633.881911
0.091403,3,634.424427
0.308562,3,635.003623
0.627193,3,635.619996
0.220499,3,636.147335
0.153965,3,636.742691
0.361027,3,637.33926
0.761834,3,637.830263
0.408197,3,638.350732
-0.215564,3,638.864741
0.293809,3,639.464722
0.585995,3,639.985588
0.851398,3,640.536736
0.044425,3,641.151412
0.174678,3,641.703512
0.048139,3,642.26079
0.130691,3,642.860917
0.305779,3,643.406915
0.449406,3,643.908506
0.06082,3,644.549239
0.707589,3,645.136043
0.2268,3,645.647604
0.414759,3,646.273654
0.681476,3,646.822207
0.561945,3,647.346023
0.48239,3,647.894021
0.764433,3,648.493024
0.182548,3,649.061619
0.346536,3,649.600686
0.345013,3,650.197949
0.733645,3,650.73931
0.717422,3,651.790989
0.653632,3,652.408278
0.278302,3,652.939765
0.613375,3,653.435591
0.090767,3,654.054826
0.757108,3,654.634853
0.630325,3,655.17146
-0.001016,3,655.778167
0.52604,3,656.315932
0.126909,3,656.865488
0.420703,3,657.383727
0.629947,3,658.013958
0.254966,3,658.553841
-0.04103,3,659.070258
0.430598,3,659.680596
0.335811,3,660.228846
0.740459,3,660.751046
0.170142,3,661.344528
0.634673,3,661.881632
0.149077,3,662.453727
0.831694,3,663.074746
0.473246,3,663.606794
0.250988,3,664.130687
0.535017,3,664.684026
0.229214,3,665.290929
0.61597,3,665.886246
0.666243,3,666.438589
0.460164,3,667.065661
0.904053,3,667.624304
0.800072,3,668.172873
0.225015,3,668.780792
0.545136,3,669.325921
0.171521,3,669.871005
0.555558,3,670.460767
0.892633,3,670.977864
0.316534,3,671.522897
0.490197,3,672.151081
0.326488,3,672.700882
0.464896,3,673.258556
0.559058,3,673.817957
-0.215265,3,674.48818
0.62144,3,675.021633
0.13795,3,675.569983
-0.02752,3,676.702126
0.870861,3,677.221387
-0.013963,3,677.807562
0.635087,3,678.381188
0.38416,3,678.956095
0.164906,3,679.508036
0.783936,3,680.117931
0.460865,3,680.620293
0.526774,3,681.178908
0.298844,3,681.773676
0.804603,3,682.31925
0.551474,3,682.847239
0.417878,3,683.43576
0.608932,3,683.989989
0.760026,3,684.515029
0.285741,3,685.161544
-0.043473,3,685.718533
0.577823,3,686.251307
0.076571,3,686.846273
0.350208,3,687.397202
0.187049,3,688.000425
0.382941,3,688.527899
0.584838,3,689.114793
0.044627,3,689.670921
0.520233,3,690.171464
0.235859,3,690.818522
0.471556,3,691.364767
0.842638,3,691.911415
0.677725,3,692.525641
0.082009,3,693.042663
0.56281,3,693.63899
0.532461,3,694.296075
0.306266,3,694.872281
0.206729,3,695.418568
0.749103,3,696.04315
0.060701,3,696.60605
0.461422,3,697.157882
0.356229,3,697.665051
0.176427,3,698.279045
-0.130785,3,698.815467
0.50398,3,699.366662
0.732994,3,699.984202
-0.068533,3,700.505393
0.406659,3,701.582091
0.647223,3,702.207049
0.228138,3,702.742873
0.017346,3,703.32234
0.233139,3,703.940395
0.792632,3,704.454643
0.445054,3,705.010609
-0.202667,3,705.619391
0.691006,3,706.131118
0.802936,3,706.686447
0.092198,3,707.203636
0.053071,3,707.858868
0.80084,3,708.396301
0.237653,3,708.92673
0.553673,3,709.518956
-0.116316,3,710.057104
0.754044,3,710.632877
0.37809,3,711.258736
0.199866,3,711.788128
0.607588,3,712.300446
0.302279,3,712.928607
0.411052,3,713.446594
0.881431,3,713.993441
0.58916,3,714.587137
0.026084,3,715.145551
0.382766,3,715.651766
0.209485,3,716.204003
0.385208,3,716.81836
0.527019,3,717.388242
0.579828,3,717.953794
0.459375,3,718.552893
0.537999,3,719.088737
0.814762,3,719.642582
0.569541,3,720.268217
-0.007342,3,720.791876
-0.067289,3,721.335852
-0.181339,3,721.98514
0.094928,3,722.548626
-0.227998,3,723.077544
-0.415585,3,723.693798
-0.029074,3,724.244774
-0.218755,3,724.847234
0.644103,3,725.913248
-0.043145,3,726.550496
0.360866,3,727.114893
0.300755,3,727.651934
0.811743,3,728.235368
0.553294,3,728.810548
0.493873,3,729.349041
0.463433,3,729.923102
0.71811,3,730.427595
0.383645,3,730.98638
0.497326,3,731.593012
0.290233,3,732.136195
0.37082,3,732.693951
0.5407,3,733.297366
0.8379,3,733.833619
0.43555,3,734.358025
0.615684,3,734.95386
0.598559,3,735.489748
0.461614,3,735.990147
0.562827,3,736.59306
0.629758,3,737.129421
0.015149,3,737.682832
0.627081,3,738.215842
0.526189,3,738.8373
0.690335,3,739.374876
0.554757,3,739.899092
0.544363,3,740.535832
0.706158,3,741.0594
0.626766,3,741.620642
0.647432,3,742.223096
0.321674,3,742.772706
0.693156,3,743.321602
0.70323,3,743.921681
0.520865,3,744.443245
0.729013,3,744.96357
0.525273,3,745.581832
0.736754,3,746.099209
0.606432,3,746.680168
0.696502,3,747.281625
0.370466,3,747.841949
0.44238,3,748.370974
0.132333,3,748.898057
0.036221,3,749.49287
0.332558,3,750.654629
0.430646,3,751.240054
0.734164,3,751.82901
0.150217,3,752.362387
0.361049,3,752.934479
0.448463,3,753.521686
0.354361,3,754.053234
0.383462,3,754.704043
0.430199,3,755.331399
0.576069,3,755.870898
0.155887,3,756.418146
0.337257,3,756.975507
0.214057,3,757.60635
0.465966,3,758.197388
0.659694,3,758.785893
0.697395,3,759.393855
0.535067,3,759.918332
0.54423,3,760.486372
0.762332,3,761.088414
0.612342,3,761.623376
0.298719,3,762.145012
0.872226,3,762.752723
0.527475,3,763.356205
0.777461,3,763.914999
0.700766,3,764.58399
0.588417,3,765.111084
0.437339,3,765.643903
0.520485,3,766.192452
0.511269,3,766.784814
-0.087517,3,767.314543
0.150967,3,767.861309
-0.065901,3,768.483786
0.705371,3,769.123449
0.752746,3,769.647855
0.556071,3,770.245722
0.595433,3,770.760074
0.299442,3,771.31636
0.589049,3,771.922265
0.35199,3,772.47154
0.38272,3,773.014274
0.664056,3,773.613765
0.087136,3,774.141339
0.186147,3,774.696259
0.450468,3,775.806767
0.257531,3,776.380887
0.456798,3,776.915809
0.757792,3,777.452676
0.564822,3,778.041993
0.663099,3,778.567345
0.680256,3,779.087168
0.875682,3,779.707476
0.305115,3,780.211247
0.155083,3,780.77212
0.246212,3,781.358454
0.379749,3,781.87372
0.471376,3,782.437941
0.684476,3,783.039404
0.581977,3,783.557716
0.556949,3,784.065007
0.750307,3,784.647495
0.449526,3,785.20641
0.591402,3,785.788328
0.828247,3,786.334801
0.791179,3,786.958295
0.220054,3,787.484873
0.693382,3,788.002248
0.43513,3,788.606344
0.203975,3,789.135703
-0.09206,3,789.667749
0.439106,3,790.306465
0.311188,3,790.826881
0.481061,3,791.401686
0.240035,3,792.031369
0.748988,3,792.559588
0.843886,3,793.111074
0.52439,3,793.703249
0.24842,3,794.251795
0.430263,3,794.771666
0.338436,3,795.387936
0.828083,3,795.930009
-0.074168,3,796.469704
0.505627,3,797.006066
0.415121,3,797.608451
0.824776,3,798.15172
0.072214,3,798.658877
0.422477,3,799.790714
0.521054,3,800.327
0.767366,3,800.864341
0.920883,3,801.494911
0.120179,3,802.13354
0.638788,3,802.668393
0.161216,3,803.321948
0.839154,3,803.862521
0.532784,3,804.396104
0.579956,3,805.000579
0.058012,3,805.584257
0.43657,3,806.137388
0.462897,3,806.742453
0.476749,3,807.302279
0.067299,3,807.826637
-0.058361,3,808.43237
0.048605,3,809.018682
0.132907,3,809.608367
0.631902,3,810.173116
0.264606,3,810.763212
-0.040426,3,811.295892
0.158563,3,811.834085
0.519207,3,812.436532
0.017316,3,812.961097
0.814268,3,813.494307
0.303965,3,814.127809
0.56186,3,814.661356
0.315099,3,815.209165
0.192028,3,815.780752
0.362584,3,816.405853
0.615595,3,816.950603
0.789139,3,817.543266
-0.32601,3,818.180688
0.740832,3,818.742831
0.49996,3,819.298803
0.317956,3,819.856169
0.37399,3,820.402422
0.596949,3,820.960315
0.162446,3,821.556116
0.095894,3,822.077439
0.281101,3,822.648973
0.452173,3,823.245056
0.77342,3,823.839338
0.473844,3,824.928153
0.444175,3,825.544158
0.108667,3,826.069461
0.536175,3,826.586772
0.309203,3,827.132329
0.803311,3,827.791767
0.458436,3,828.354513
0.359053,3,828.899823
-0.237073,3,829.548666
0.615115,3,830.131039
0.267499,3,830.675318
0.668066,3,831.412474
0.172353,3,831.981849
0.045561,3,832.511685
0.320595,3,833.139844
0.72651,3,833.678545
0.533194,3,834.239404
0.590201,3,834.835097
0.67926,3,835.401895
0.340448,3,835.937102
-0.050319,3,836.465937
0.623731,3,837.092294
-0.004796,3,837.624144
0.204946,3,838.151469
0.077441,3,838.763297
0.794898,3,839.349033
0.137072,3,839.940915
0.507092,3,840.561624
0.415932,3,841.197575
0.535572,3,841.776037
0.664875,3,842.418938
0.474763,3,842.989807
0.193717,3,843.554249
-0.139388,3,844.143813
-0.133931,3,844.683244
0.719987,3,845.2522
0.293956,3,845.865429
0.220517,3,846.403948
0.843221,3,847.017485
0.407969,3,847.720917
0.45243,3,848.274619
0.457926,3,848.849792
0.245207,3,849.372537
0.041296,3,850.53693
0.286539,3,851.074687
0.744259,3,851.620584
0.434357,3,852.26256
0.738808,3,852.793576
0.073858,3,853.365644
0.385955,3,853.993227
0.835842,3,854.534621
0.611729,3,855.124442
-0.104084,3,855.713528
0.63896,3,856.284488
0.742867,3,856.814773
0.32966,3,857.439908
0.668863,3,858.000874
0.393955,3,858.505289
0.070892,3,859.050628
0.163456,3,859.639689
0.442432,3,860.204886
0.624502,3,860.746243
0.594039,3,861.41123
-0.028405,3,861.923339
0.753158,3,862.479008
0.225726,3,863.088791
0.498646,3,863.628014
0.557443,3,864.189181
0.644992,3,864.769401
0.638717,3,865.317658
0.193177,3,865.840142
0.491949,3,866.446611
0.610505,3,866.968216
0.248687,3,867.57808
0.148935,3,868.118487
0.300917,3,868.748482
0.273612,3,869.27821
0.188255,3,869.842143
0.098734,3,870.442944
0.729296,3,870.962251
0.903049,3,871.484798
0.481643,3,872.119328
0.704259,3,872.648744
0.246468,3,873.204511
0.220625,3,873.872805
0.415874,3,874.909276
0.656562,3,875.452381
0.468607,3,876.048824
0.621223,3,876.586682
0.587225,3,877.114932
0.441216,3,877.751066
0.675134,3,878.285813
0.70553,3,878.808301
0.109362,3,879.430918
0.682005,3,879.995739
0.367237,3,880.539226
0.142959,3,881.168552
0.700455,3,881.683162
0.489789,3,882.211833
0.634757,3,882.74195
0.364595,3,883.322066
-0.015528,3,883.864759
0.781725,3,884.376359
0.915373,3,885.0
0.47679,3,885.532497
0.766405,3,886.072106
-0.202053,3,886.743473
0.536947,3,887.304677
0.176167,3,887.827549
0.735136,3,888.391718
0.505406,3,888.918267
0.473897,3,889.463925
0.687652,3,890.077409
0.324648,3,890.612581
0.774637,3,891.169371
0.525529,3,891.724265
-0.03133,3,892.306875
0.456565,3,892.871294
0.55712,3,893.391019
-0.318287,3,893.95151
0.176214,3,894.496112
0.203811,3,895.044302
0.574649,3,895.637449
0.309467,3,896.185104
0.23282,3,896.702265
0.173997,3,897.279601
-0.313074,3,897.826623
0.624736,3,898.368052
0.705876,3,899.492254
0.825132,3,900.042009
0.635527,3,900.604625
0.464281,3,901.138966
0.364936,3,901.719939
0.086755,3,902.26206
0.114453,3,902.797965
0.623117,3,903.410308
0.860709,3,903.94812
0.545606,3,904.483881
-0.094997,3,905.086888
0.479786,3,905.626693
-0.027738,3,906.165927
0.586265,3,906.793653
0.652355,3,907.320236
0.790543,3,907.862508
0.18735,3,908.469357
0.149675,3,909.02436
0.571254,3,909.582642
0.366372,3,910.180497
0.282379,3,910.715949
-0.096556,3,911.252702
0.417285,3,911.888958
0.596011,3,912.41373
0.419238,3,912.96588
0.556812,3,913.517286
-0.041684,3,914.117326
0.42024,3,914.639595
0.516003,3,915.165666
0.466044,3,915.762329
0.507827,3,916.296731
0.478736,3,916.842594
0.925993,3,917.469841
0.807187,3,918.012175
0.320036,3,918.52298
0.234121,3,919.119633
0.008804,3,919.629991
0.637807,3,920.181721
0.360101,3,920.811718
0.263233,3,921.346195
0.771818,3,921.880264
0.754892,3,922.523453
0.539124,3,923.063468
0.15262,3,924.101942
-0.238438,3,924.636847
0.595629,3,925.268945
0.770835,3,925.799824
0.411584,3,926.320141
0.440911,3,926.919945
-0.052801,3,927.443723
0.542821,3,927.944705
0.433421,3,928.595354
0.210377,3,929.187478
0.895364,3,929.766907
0.333097,3,930.378969
0.518065,3,930.941253
0.053645,3,931.484239
0.360081,3,932.104996
0.094618,3,932.636287
-0.050018,3,933.194361
0.263937,3,933.773094
0.598761,3,934.341944
0.500895,3,934.845806
0.567867,3,935.370427
0.017435,3,935.955626
0.443572,3,936.467222
0.466431,3,937.005126
0.620411,3,937.611985
0.416097,3,938.138453
0.41485,3,938.665919
0.1913,3,939.238793
0.547996,3,939.779959
0.548649,3,940.319817
-0.074733,3,940.91048
0.190526,3,941.44037
0.413667,3,941.966033
0.418381,3,942.489085
0.390246,3,943.09424
0.596407,3,943.62243
0.084354,3,944.149598
0.296037,3,944.758041
0.787125,3,945.279973
0.758647,3,945.831662
0.529502,3,946.428225
0.321469,3,946.988258
0.349845,3,948.073587
0.761065,3,948.680718
0.35761,3,949.223308
0.462663,3,949.749805
0.671931,3,950.379951
0.145406,3,950.947661
0.804218,3,951.484574
0.291921,3,952.085824
0.289287,3,952.642302
0.22058,3,953.174426
0.634255,3,953.761988
0.181562,3,954.320922
0.739919,3,954.815288
0.415732,3,955.434922
0.531224,3,955.937532
0.493281,3,956.498905
0.481006,3,957.007969
0.676709,3,957.617755
0.5421,3,958.142737
0.871076,3,958.6906
0.54614,3,959.282332
0.369421,3,959.796557
0.68602,3,960.368889
0.762406,3,960.993354
0.114789,3,961.533531
0.08955,3,962.078928
0.651492,3,962.656825
0.084492,3,963.223521
0.139058,3,963.78675
0.419898,3,964.375817
0.512648,3,964.884979
0.175839,3,965.398565
0.812144,3,965.992633
0.93984,3,966.52266
0.85383,3,967.041312
0.518762,3,967.593131
0.45658,3,968.211966
0.338455,3,968.769291
0.218215,3,969.303381
0.683265,3,969.914964
0.859939,3,970.425328
0.307049,3,970.963162
0.03258,3,971.560293
0.479885,3,972.627598
0.12939,3,973.150834
0.342974,3,973.775503
-0.280981,3,974.331236
0.755521,3,974.89606
0.776963,3,975.511254
0.755733,3,976.061029
0.800482,3,976.59516
0.374779,3,977.114584
0.69661,3,977.761953
0.648907,3,978.260499
0.18418,3,978.786503
0.565243,3,979.387002
-0.014648,3,979.915241
0.24205,3,980.441544
0.325321,3,981.065769
-0.165873,3,981.601913
0.925108,3,982.119395
0.459514,3,982.734858
0.648964,3,983.255862
0.080123,3,983.788436
0.171771,3,984.379408
0.575906,3,984.922342
0.293729,3,985.447167
0.016304,3,985.971982
0.481747,3,986.57156
0.355566,3,987.118258
0.146195,3,987.640853
0.215806,3,988.257444
0.540739,3,988.786287
-0.103896,3,989.302535
0.795571,3,989.93372
0.281351,3,990.484413
0.482196,3,991.021444
0.334818,3,991.625635
0.542929,3,992.159372
0.514235,3,992.722087
0.460711,3,993.320683
0.373029,3,993.858218
0.54144,3,994.383998
0.115369,3,994.999734
0.529878,3,995.536167
0.044136,3,996.082297
0.086389,3,997.24467
0.272469,3,997.811678
0.562756,3,998.306957
0.800589,3,998.918298
0.122505,3,999.445677
0.61561,3,999.942535
-0.292294,3,1000.456345
0.319537,3,1001.038025
0.701661,3,1001.613015
0.379098,3,1002.186551
0.64352,3,1002.835254
0.2647,3,1003.369335
0.124627,3,1003.934115
0.329795,3,1004.546077
0.497722,3,1005.097111
0.651685,3,1005.656058
0.546031,3,1006.25971
0.009144,3,1006.792925
0.262611,3,1007.338636
0.146272,3,1007.906662
0.846272,3,1008.439254
0.524868,3,1008.989222
0.703388,3,1009.585251
0.877039,3,1010.132396
0.523337,3,1010.64416
0.747905,3,1011.284241
0.618002,3,1011.805755
0.473829,3,1012.355914
0.805694,3,1012.914439
0.441138,3,1013.509211
0.344673,3,1014.069761
0.285906,3,1014.603655
0.343456,3,1015.199578
0.246831,3,1015.727801
0.670678,3,1016.25662
0.898972,3,1016.835489
0.608741,3,1017.376647
0.804076,3,1017.952627
0.336603,3,1018.560453
0.369008,3,1019.077289
0.336934,3,1019.636277
0.610111,3,1020.246478
0.556421,3,1021.305768
0.182308,3,1021.836905
0.730679,3,1022.452079
0.509338,3,1022.984899
0.213248,3,1023.529466
0.747588,3,1024.175778
-0.2469,3,1024.732156
0.601887,3,1025.248615
0.456637,3,1025.844405
0.66449,3,1026.396557
0.646289,3,1026.930253
0.139346,3,1027.427722
0.229823,3,1028.02148
0.212168,3,1028.559981
0.145902,3,1029.093072
0.083044,3,1029.679645
0.68791,3,1030.228809
0.542062,3,1030.765023
0.795307,3,1031.370835
0.688734,3,1031.90813
0.528082,3,1032.452534
0.621891,3,1033.052817
0.3704,3,1033.582814
0.451555,3,1034.120859
0.265727,3,1034.714645
0.681549,3,1035.252128
0.311029,3,1035.786032
0.547412,3,1036.408379
0.650671,3,1036.945765
0.310108,3,1037.467884
0.206401,3,1038.042828
0.803103,3,1038.565025
0.449042,3,1039.10004
0.551422,3,1039.617648
0.145678,3,1040.219997
0.735943,3,1040.752486
0.375523,3,1041.298849
0.746346,3,1041.903977
0.390861,3,1042.413799
0.406165,3,1042.96254
0.801182,3,1043.570995
0.46616,3,1044.09708
0.077901,3,1044.631551
0.338667,3,1045.773768
0.048409,3,1046.319108
0.235834,3,1046.849215
0.313561,3,1047.474821
0.345308,3,1048.005563
0.301555,3,1048.53651
0.273975,3,1049.058607
0.212067,3,1049.669647
0.476841,3,1050.241877
0.744916,3,1050.784583
0.668158,3,1051.407758
0.533043,3,1051.983284
0.413296,3,1052.52452
0.23586,3,1053.107349
0.690593,3,1053.623875
0.80673,3,1054.170007
0.105192,3,1054.781554
0.448075,3,1055.325307
0.787895,3,1055.868287
0.949917,3,1056.484384
0.605385,3,1057.058039
0.328024,3,1057.590606
0.676409,3,1058.192825
0.839704,3,1058.710922
0.032848,3,1059.254256
-0.068131,3,1059.788761
0.348026,3,1060.404891
-0.205727,3,1060.91011
0.799471,3,1061.452174
0.638342,3,1062.048824
0.454881,3,1062.599037
0.329339,3,1063.129564
0.518869,3,1063.733075
0.247123,3,1064.328427
0.467077,3,1064.845239
0.509737,3,1065.485678
0.377958,3,1066.022871
0.8592,3,1066.546646
0.826448,3,1067.084732
0.913103,3,1067.697633
0.7823,3,1068.22454
0.794817,3,1068.744725
0.715994,3,1069.34596
0.586979,3,1070.410145
0.701223,3,1070.982606
0.485929,3,1071.600693
0.42498,3,1072.167309
0.635187,3,1072.680589
0.739661,3,1073.284302
0.386785,3,1073.870091
0.658408,3,1074.442659
0.166651,3,1075.087333
0.403668,3,1075.682164
0.161342,3,1076.220668
0.223495,3,1076.838888
0.68789,3,1077.350017
0.302764,3,1077.880132
0.771781,3,1078.49597
0.618964,3,1079.022474
0.872631,3,1079.534045
0.416905,3,1080.125526
-0.264467,3,1080.686567
-0.335644,3,1081.219502
0.514653,3,1081.755119
0.746828,3,1082.379722
0.416549,3,1082.942826
0.182291,3,1083.464775
0.564404,3,1084.071929
0.339741,3,1084.589059
0.836501,3,1085.143682
0.43637,3,1085.758853
0.30946,3,1086.319874
0.395187,3,1086.872319
-0.268111,3,1087.4941
0.163194,3,1088.054835
0.18048,3,1088.614619
0.39545,3,1089.194113
0.60631,3,1089.720041
0.234076,3,1090.270031
0.268859,3,1090.837289
0.643983,3,1091.391952
0.891857,3,1091.933544
0.502727,3,1092.455221
0.270824,3,1093.053784
0.355782,3,1093.61476
0.723105,3,1094.654026
0.507359,3,1095.255403
0.556731,3,1095.770706
0.410711,3,1096.33759
0.558416,3,1096.946844
-0.034696,3,1097.516141
0.37149,3,1098.05242
0.716111,3,1098.663938
0.865094,3,1099.200545
0.838271,3,1099.728454
0.671959,3,1100.374155
0.738146,3,1100.899075
0.398851,3,1101.427962
0.798632,3,1102.052519
0.216081,3,1102.585627
0.099902,3,1103.104678
0.524532,3,1103.637507
0.693481,3,1104.284084
0.390437,3,1104.826262
0.245486,3,1105.338625
0.506855,3,1105.936734
0.32141,3,1106.462527
0.047859,3,1107.007675
0.086843,3,1107.624872
0.374576,3,1108.158198
0.893663,3,1108.675252
0.566084,3,1109.282691
0.318348,3,1109.816176
0.738778,3,1110.341169
0.350755,3,1110.94844
0.483632,3,1111.495337
0.663459,3,1112.061139
0.772698,3,1112.685019
0.216925,3,1113.190435
0.628804,3,1113.746028
0.576831,3,1114.293012
0.528673,3,1114.898882
0.611785,3,1115.424116
0.60444,3,1115.993054
0.225023,3,1116.59112
0.066622,3,1117.147228
0.588148,3,1117.653187
0.516376,3,1118.269203
0.858223,3,1119.352388
0.454152,3,1119.869383
0.554562,3,1120.476278
0.264807,3,1121.054745
0.499701,3,1121.616307
0.63904,3,1122.21559
0.316106,3,1122.735703
0.454761,3,1123.28119
-0.036807,3,1123.851305
0.105102,3,1124.410372
0.357327,3,1124.95147
0.384202,3,1125.575345
0.264375,3,1126.108403
0.328972,3,1126.635256
0.262732,3,1127.190119
0.535646,3,1127.812516
0.4793,3,1128.329922
0.495589,3,1128.878103
0.307927,3,1129.518819
0.619931,3,1130.054192
0.332471,3,1130.595954
0.164785,3,1131.196697
0.504393,3,1131.727928
0.40646,3,1132.244082
0.079072,3,1132.846016
0.056756,3,1133.43944
0.169138,3,1133.96227
0.293865,3,1134.549012
0.477155,3,1135.132616
0.496368,3,1135.666238
0.704109,3,1136.277256
0.435064,3,1136.793514
0.637592,3,1137.325941
0.542341,3,1137.830549
0.778788,3,1138.437687
0.949621,3,1138.979285
0.155354,3,1139.559705
0.826507,3,1140.20184
0.7876,3,1140.767532
0.189737,3,1141.318182
0.3588,3,1141.927791
0.634648,3,1142.442987
0.560657,3,1143.013874
0.761569,3,1144.110909
0.028136,3,1144.664643
0.235458,3,1145.216593
0.490773,3,1145.813816
0.842437,3,1146.380389
0.492123,3,1146.94931
0.735267,3,1147.573683
0.528417,3,1148.081357
-0.101774,3,1148.603099
0.560684,3,1149.129625
0.455528,3,1149.721343
0.471323,3,1150.286728
0.362373,3,1150.801378
0.672547,3,1151.448924
0.390623,3,1151.978259
0.549041,3,1152.491531
0.863457,3,1153.075137
0.659829,3,1153.631641
0.380601,3,1154.152778
0.64932,3,1154.783793
0.684349,3,1155.330857
0.079723,3,1155.849123
0.397052,3,1156.422096
0.646289,3,1156.987715
0.367868,3,1157.540465
0.639333,3,1158.108289
0.625651,3,1158.723734
0.573918,3,1159.246586
0.651277,3,1159.795065
0.482192,3,1160.380921
0.411091,3,1160.896966
-0.226939,3,1161.434338
0.262276,3,1162.032561
0.529023,3,1162.559401
0.533149,3,1163.0755
0.234233,3,1163.58742
0.333822,3,1164.176764
0.128133,3,1164.712128
0.436725,3,1165.254488
0.768591,3,1165.857606
-0.009546,3,1166.401594
0.440411,3,1166.967801
0.2985,3,1168.15386
0.729179,3,1168.691991
0.214841,3,1169.269752
0.421745,3,1169.85783
-0.167125,3,1170.421736
0.545812,3,1170.969091
-0.047327,3,1171.510219
0.228174,3,1172.108217
0.235119,3,1172.642069
0.935213,3,1173.16105
-0.104595,3,1173.829989
0.778827,3,1174.419067
0.720291,3,1174.922145
0.460309,3,1175.514374
0.497832,3,1176.083865
0.739535,3,1176.632614
0.317204,3,1177.270931
0.306499,3,1177.806118
0.76879,3,1178.32447
0.410412,3,1178.928135
0.71564,3,1179.477362
0.817142,3,1180.015805
0.534099,3,1180.550983
0.277982,3,1181.168049
0.209103,3,1181.692127
0.637456,3,1182.235473
-0.165345,3,1182.859654
0.450007,3,1183.421324
0.171267,3,1183.968507
0.646349,3,1184.608589
-0.146173,3,1185.165162
0.326678,3,1185.748097
0.186083,3,1186.344383
0.196859,3,1186.887738
0.538111,3,1187.419778
0.495935,3,1188.048964
0.870454,3,1188.5738
0.593064,3,1189.121919
0.638037,3,1189.689792
-0.167477,3,1190.290389
0.298175,3,1190.81178
0.668262,3,1191.340034
0.365685,3,1191.971364
0.347019,3,1193.071168
0.487663,3,1193.64437
0.320114,3,1194.228131
0.036128,3,1194.829364
0.653846,3,1195.374289
0.617517,3,1195.992636
0.430593,3,1196.539081
-0.181567,3,1197.122217
0.387333,3,1197.728006
0.881403,3,1198.309324
0.075764,3,1198.848593
0.729612,3,1199.382794
0.506838,3,1199.975966
0.710879,3,1200.502007
0.591849,3,1201.035065
0.512737,3,1201.698066
0.719139,3,1202.207145
0.489859,3,1202.741103
0.547502,3,1203.390171
0.544823,3,1203.928119
0.911917,3,1204.489139
-0.133386,3,1205.090978
0.513281,3,1205.631613
0.532744,3,1206.149996
-0.079507,3,1206.77874
0.694768,3,1207.318636
0.729598,3,1207.88817
0.341996,3,1208.424895
0.284346,3,1209.104684
0.508866,3,1209.655365
0.14709,3,1210.221749
0.707971,3,1210.839845
0.198871,3,1211.419007
0.524851,3,1211.941618
0.468631,3,1212.58018
0.244,3,1213.126734
0.428617,3,1213.665828
0.237489,3,1214.308957
0.609783,3,1214.837026
0.235689,3,1215.385419
-0.226759,3,1215.949199
-0.339409,3,1216.554443
0.842491,3,1217.137811
0.571824,3,1218.216776
0.200653,3,1218.849831
0.423775,3,1219.42945
0.002835,3,1219.966122
0.43795,3,1220.566082
0.608755,3,1221.124645
0.747749,3,1221.697727
0.392908,3,1222.311131
0.148912,3,1222.848915
0.442973,3,1223.383471
0.287686,3,1223.90829
-0.211322,3,1224.555127
0.16592,3,1225.114915
0.065427,3,1225.645779
0.094684,3,1226.330594
0.224758,3,1226.865971
-0.132989,3,1227.375233
0.187824,3,1227.974924
0.508478,3,1228.539861
0.529703,3,1229.08465
0.573679,3,1229.680375
0.367283,3,1230.204874
0.142915,3,1230.752004
0.57354,3,1231.35837
0.896426,3,1231.893269
0.656812,3,1232.455274
0.452287,3,1233.077828
0.65389,3,1233.595061
0.387556,3,1234.110354
0.47687,3,1234.742604
0.561695,3,1235.294783
0.639462,3,1235.870887
0.811994,3,1236.458115
0.395359,3,1237.072794
0.830558,3,1237.618602
0.662729,3,1238.189436
0.301374,3,1238.819528
-0.176936,3,1239.380083
0.405213,3,1239.924094
0.445102,3,1240.563528
0.901357,3,1241.119542
0.676058,3,1241.627685
0.495332,3,1242.787798
0.112863,3,1243.311107
0.603144,3,1243.856904
0.757714,3,1244.524749
0.690738,3,1245.052941
-0.239544,3,1245.613038
0.730151,3,1246.164937
0.796575,3,1246.81326
0.589682,3,1247.360084
-0.255641,3,1247.922334
0.263864,3,1248.545395
0.437243,3,1249.068127
0.393724,3,1249.607616
0.752013,3,1250.229155
0.008381,3,1250.756068
0.320994,3,1251.257289
0.558145,3,1251.893485
0.712105,3,1252.440068
0.466491,3,1252.956986
0.44826,3,1253.582815
0.547875,3,1254.123176
0.548345,3,1254.65415
0.158142,3,1255.178322
0.759412,3,1255.80177
0.234672,3,1256.337892
0.349398,3,1256.876061
0.428551,3,1257.541977
0.038527,3,1258.107968
0.332301,3,1258.637498
0.624018,3,1259.249628
0.624099,3,1259.786697
0.146611,3,1260.361607
0.67104,3,1261.0098
0.667527,3,1261.520295
0.712203,3,1262.071845
0.414987,3,1262.662946
0.520665,3,1263.202889
-0.042989,3,1263.744641
0.552427,3,1264.299186
0.396213,3,1264.916785
0.3683,3,1265.47919
0.637135,3,1266.021499
-0.042527,3,1266.605505
0.636313,3,1267.674723
0.601016,3,1268.21249
0.181075,3,1268.846138
0.504523,3,1269.421831
0.906987,3,1269.947627
0.395282,3,1270.544837
0.394785,3,1271.080685
0.566533,3,1271.595868
0.104419,3,1272.219966
0.503237,3,1272.751744
0.825044,3,1273.32615
0.226641,3,1273.943242
0.99344,3,1274.494993
0.749713,3,1275.044913
0.510192,3,1275.622145
0.29705,3,1276.233878
0.357792,3,1276.789825
0.634223,3,1277.315096
0.571638,3,1277.930141
0.227501,3,1278.458128
0.154877,3,1279.024064
-0.030222,3,1279.627724
0.859522,3,1280.198518
0.466429,3,1280.708075
0.067042,3,1281.3116
0.798692,3,1281.831218
0.549439,3,1282.416774
0.868897,3,1283.005732
0.401544,3,1283.609322
0.301321,3,1284.138344
0.796504,3,1284.68881
0.599908,3,1285.314804
-0.04537,3,1285.840681
0.212187,3,1286.459133
-0.011079,3,1287.074632
0.674441,3,1287.609531
0.847745,3,1288.149494
0.329165,3,1288.802285
0.100342,3,1289.354685
0.910595,3,1289.917456
0.220558,3,1290.532416
0.795691,3,1291.086443
0.053534,3,1291.69384
0.727288,3,1292.769223
0.073573,3,1293.398674
-0.375604,3,1293.905189
0.312972,3,1294.423346
0.290381,3,1295.022914
0.686761,3,1295.552108
0.483908,3,1296.07804
0.515311,3,1296.706952
0.887616,3,1297.237758
0.70499,3,1297.759314
0.453654,3,1298.337871
0.082089,3,1298.862852
0.314678,3,1299.379277
-0.319768,3,1300.00652
0.58811,3,1300.535048
0.574248,3,1301.097528
0.870835,3,1301.713314
0.138316,3,1302.242292
0.378934,3,1302.822707
0.741574,3,1303.391988
0.57521,3,1304.006278
0.554217,3,1304.531023
0.413851,3,1305.106875
0.043068,3,1305.725682
0.404095,3,1306.355096
0.556204,3,1306.870923
0.689588,3,1307.463551
0.378832,3,1308.028346
0.645281,3,1308.560747
0.376167,3,1309.126236
0.601254,3,1309.734031
0.87951,3,1310.283152
-0.036805,3,1310.831564
0.738467,3,1311.453022
0.330206,3,1311.967041
0.59139,3,1312.487552
0.93125,3,1313.07562
0.555055,3,1313.629275
0.709069,3,1314.147372
0.467012,3,1314.72146
0.881928,3,1315.257405
0.59765,3,1315.867764
0.674174,3,1317.098154
0.568536,3,1317.652881
-0.128362,3,1318.210519
0.828806,3,1318.809148
0.614039,3,1319.363767
0.067248,3,1319.914858
0.829585,3,1320.518089
0.311259,3,1321.056796
0.609693,3,1321.607703
0.393809,3,1322.143187
0.716677,3,1322.782063
-0.097497,3,1323.29933
0.155848,3,1323.853398
0.876946,3,1324.503721
0.026622,3,1325.077944
0.159423,3,1325.608042
0.698766,3,1326.215253
0.664433,3,1326.766491
0.39616,3,1327.325564
0.628463,3,1327.917757
0.241762,3,1328.478576
0.877633,3,1329.018161
0.538666,3,1329.603043
0.664228,3,1330.179546
0.24684,3,1330.714577
0.106276,3,1331.282399
0.73863,3,1331.877273
0.48188,3,1332.454205
0.292768,3,1333.033354
0.453316,3,1333.638929
0.93206,3,1334.161275
0.749122,3,1334.739475
0.27674,3,1335.351897
0.360318,3,1335.928478
0.202869,3,1336.480936
0.350051,3,1337.109641
0.651602,3,1337.686758
0.629342,3,1338.218966
-0.170056,3,1338.75787
0.171645,3,1339.375629
0.503071,3,1339.916425
0.489939,3,1340.489182
0.407289,3,1341.133074
0.285027,3,1342.205769
0.321578,3,1342.722939
0.340671,3,1343.338626
0.369832,3,1343.883217
0.56019,3,1344.444253
0.472136,3,1345.032692
0.830062,3,1345.534844
0.657857,3,1346.082911
0.590212,3,1346.723171
0.513886,3,1347.255431
0.701257,3,1347.823209
0.103729,3,1348.459386
0.22745,3,1348.978393
0.175655,3,1349.534619
0.24881,3,1350.059128
0.237585,3,1350.659171
0.460234,3,1351.195168
0.273078,3,1351.729212
0.299603,3,1352.340468
0.287594,3,1352.858984
0.439553,3,1353.39149
0.842145,3,1354.031632
0.558893,3,1354.583541
0.350628,3,1355.124231
0.652056,3,1355.71403
0.349192,3,1356.263064
0.208707,3,1356.80221
0.262716,3,1357.417686
0.634804,3,1357.988831
0.086461,3,1358.53414
0.672422,3,1359.081624
0.48694,3,1359.653834
-0.105963,3,1360.177693
0.666088,3,1360.731111
0.256294,3,1361.339754
0.463986,3,1361.906301
0.53006,3,1362.415751
0.582486,3,1363.003671
0.137232,3,1363.530341
0.265823,3,1364.090771
-0.2496,3,1364.720762
0.561953,3,1365.322317
0.634911,3,1365.864231
0.614425,3,1366.915059
-0.109866,3,1367.518443
0.574828,3,1368.041543
0.084605,3,1368.561081
0.475192,3,1369.171636
0.292002,3,1369.704794
0.890934,3,1370.277339
0.377437,3,1370.907499
0.485737,3,1371.434145
0.831453,3,1371.971887
0.823193,3,1372.615828
0.501358,3,1373.171985
0.215953,3,1373.695706
0.190666,3,1374.293701
0.705388,3,1374.801277
0.549868,3,1375.33198
0.756142,3,1375.950054
0.235453,3,1376.497368
0.835004,3,1377.014505
0.729901,3,1377.630052
0.977871,3,1378.154501
0.3503,3,1378.667554
0.201479,3,1379.188533
0.628946,3,1379.774449
0.354167,3,1380.278518
0.616315,3,1380.821243
0.642577,3,1381.444865
0.185782,3,1381.98579
0.483708,3,1382.49703
0.715908,3,1383.106277
0.853455,3,1383.649051
0.47074,3,1384.189234
0.346707,3,1384.800177
0.396636,3,1385.344518
0.866267,3,1385.864246
0.539534,3,1386.373595
0.796553,3,1387.02258
0.261935,3,1387.570159
0.430338,3,1388.120413
0.478919,3,1388.788069
0.191472,3,1389.333656
0.037574,3,1389.872563
0.060549,3,1391.029559
0.454861,3,1391.561747
0.366059,3,1392.114877
0.277303,3,1392.732796
0.172119,3,1393.311828
0.526595,3,1393.869882
0.435844,3,1394.505467
0.753088,3,1395.055986
0.674292,3,1395.601709
0.55319,3,1396.207823
0.576365,3,1396.759994
0.446672,3,1397.312072
0.6535,3,1397.899704
0.387734,3,1398.458396
0.930718,3,1399.001232
0.285095,3,1399.535711
0.239717,3,1400.146525
0.57616,3,1400.700094
0.5113,3,1401.255763
0.707755,3,1401.883265
0.620628,3,1402.434842
0.518851,3,1402.974898
0.258076,3,1403.594755
0.290525,3,1404.126251
0.797906,3,1404.627901
0.817257,3,1405.153688
0.658253,3,1405.745375
0.275877,3,1406.281868
0.213177,3,1406.864565
0.637747,3,1407.479599
0.804997,3,1408.051344
0.269707,3,1408.611718
0.619195,3,1409.220245
0.608779,3,1409.763516
0.364509,3,1410.306335
0.441298,3,1410.919671
0.87517,3,1411.475153
0.79894,3,1412.050857
0.703407,3,1412.61551
0.292944,3,1413.223417
0.603846,3,1413.798284
0.35125,3,1414.30321
0.858363,3,1414.922551
0.618342,3,1416.000004
0.741549,3,1416.526455
0.432748,3,1417.158231
0.736501,3,1417.672452
0.075169,3,1418.220455
0.83976,3,1418.830311
0.67698,3,1419.355611
0.792515,3,1419.882946
0.360228,3,1420.398036
0.469324,3,1421.019539
0.488913,3,1421.534902
0.399378,3,1422.103091
0.246106,3,1422.69698
0.258584,3,1423.213384
0.184053,3,1423.722378
0.788262,3,1424.341931
-0.049598,3,1424.903219
0.402097,3,1425.417773
0.463926,3,1426.047578
0.308339,3,1426.566545
0.988275,3,1427.110211
0.700109,3,1427.7453
-0.109423,3,1428.26107
0.754428,3,1428.809421
0.187744,3,1429.329419
-0.041166,3,1429.934168
0.499233,3,1430.494941
0.493765,3,1431.032315
0.436419,3,1431.657204
0.11274,3,1432.193784
0.383483,3,1432.760805
0.713946,3,1433.374754
0.275278,3,1433.956626
0.653766,3,1434.480164
0.30316,3,1435.082039
0.867356,3,1435.598293
0.961186,3,1436.141292
0.379419,3,1436.744786
0.463135,3,1437.275239
0.578583,3,1437.837297
0.41654,3,1438.450866
0.631685,3,1438.99666
0.80355,3,1439.512191
0.82256,3,1440.604753
0.183069,3,1441.18699
0.421995,3,1441.717261
0.15971,3,1442.251871
0.612915,3,1442.865115
0.201268,3,1443.406639
0.2146,3,1443.950396
0.603325,3,1444.557671
0.360378,3,1445.130666
0.947904,3,1445.695143
0.613785,3,1446.307211
0.475737,3,1446.873972
0.196093,3,1447.401596
0.752396,3,1448.04606
-0.359646,3,1448.57861
0.107401,3,1449.119507
0.418256,3,1449.745527
0.565028,3,1450.299743
0.69159,3,1450.828929
0.476451,3,1451.407318
0.424866,3,1451.993498
0.044396,3,1452.529763
0.506843,3,1453.067961
0.316291,3,1453.668659
0.503031,3,1454.231978
0.468192,3,1454.804441
0.396933,3,1455.38942
0.444662,3,1455.909177
0.219125,3,1456.479292
0.583904,3,1457.079844
0.940896,3,1457.622473
0.642964,3,1458.162715
0.358412,3,1458.728436
-0.176162,3,1459.382723
0.207704,3,1459.897646
0.511999,3,1460.466827
0.319437,3,1461.073907
0.527299,3,1461.631882
0.024485,3,1462.214485
0.573494,3,1462.848487
0.73019,3,1463.375213
0.08782,3,1463.925662
0.446679,3,1465.057985
0.799057,3,1465.595585
0.645439,3,1466.12342
0.16423,3,1466.658097
0.493431,3,1467.265675
0.510757,3,1467.819988
0.083223,3,1468.361601
0.833848,3,1468.949581
0.753228,3,1469.533129
0.765756,3,1470.078509
0.448855,3,1470.664942
-0.079675,3,1471.226123
0.467166,3,1471.766575
0.449267,3,1472.377858
0.626886,3,1472.966381
0.288732,3,1473.488294
0.658281,3,1474.121029
0.208643,3,1474.691602
0.514191,3,1475.204794
-0.002195,3,1475.85702
0.149486,3,1476.400851
-0.167737,3,1476.964053
0.336853,3,1477.511588
0.70708,3,1478.122448
-0.082051,3,1478.660659
0.21507,3,1479.183228
0.069957,3,1479.787875
0.256414,3,1480.296011
0.667553,3,1480.809911
0.575921,3,1481.420371
0.471763,3,1481.954969
0.828674,3,1482.57212
0.184137,3,1483.184115
0.423325,3,1483.753601
0.54479,3,1484.288466
0.892741,3,1484.922678
-0.144083,3,1485.456433
0.064731,3,1485.981631
0.357803,3,1486.571146
0.819514,3,1487.105704
0.687335,3,1487.6671
0.510703,3,1488.260646
0.427297,3,1488.918003
0.501589,3,1489.978057
0.666138,3,1490.554258
-0.439026,3,1491.138948
0.315197,3,1491.685154
0.598478,3,1492.204021
0.661996,3,1492.853632
0.510554,3,1493.391844
0.663227,3,1493.941229
0.462492,3,1494.534126
0.168233,3,1495.068398
0.642402,3,1495.586295
0.234587,3,1496.217857
0.388897,3,1496.727441
0.434481,3,1497.246024
0.543003,3,1497.862376
0.268808,3,1498.403094
0.502572,3,1498.939646
0.601113,3,1499.537848
0.231291,3,1500.139531
0.466564,3,1500.651357
0.429609,3,1501.237566
0.471638,3,1501.837353
0.506939,3,1502.372442
0.390223,3,1502.966331
0.346991,3,1503.60515
0.805536,3,1504.140917
0.637164,3,1504.697187
0.625323,3,1505.327665
0.74389,3,1505.879519
0.704949,3,1506.421125
0.024526,3,1506.976187
0.061634,3,1507.614898
-0.255601,3,1508.159983
0.32938,3,1508.7182
0.635963,3,1509.321723
0.659912,3,1509.896372
0.512274,3,1510.469837
0.224775,3,1511.060274
0.154235,3,1511.606683
0.180092,3,1512.186579
0.043526,3,1512.798006
0.612634,3,1513.402362
0.374721,3,1513.918094
0.361139,3,1515.026117
0.243383,3,1515.637508
0.474365,3,1516.163558
0.74437,3,1516.686101
0.478251,3,1517.277565
0.373424,3,1517.803174
0.621653,3,1518.341778
0.793169,3,1518.972525
0.852383,3,1519.509264
0.327207,3,1520.053487
0.315293,3,1520.642514
0.82239,3,1521.168299
0.386211,3,1521.725776
0.629157,3,1522.259224
0.46864,3,1522.875804
0.434891,3,1523.411867
0.637648,3,1523.943731
0.474214,3,1524.524126
0.606007,3,1525.033444
-0.12116,3,1525.558562
0.420848,3,1526.199124
0.974874,3,1526.770589
0.616842,3,1527.299742
-0.291985,3,1527.920353
0.451843,3,1528.478198
0.439364,3,1528.991351
0.380787,3,1529.580678
0.036616,3,1530.105544
0.521622,3,1530.619294
0.882292,3,1531.225341
0.622753,3,1531.753357
0.709418,3,1532.297634
0.477459,3,1532.935326
0.680957,3,1533.460429
-0.061619,3,1533.992553
0.827749,3,1534.543665
0.784257,3,1535.155629
0.028042,3,1535.67286
0.560913,3,1536.1814
0.526451,3,1536.798461
0.748891,3,1537.338161
0.565035,3,1537.883164
0.774842,3,1539.015693
0.067423,3,1539.579046
0.225729,3,1540.105721
0.376827,3,1540.727434
0.643312,3,1541.2437
0.267764,3,1541.785666
-0.054059,3,1542.406784
0.312682,3,1542.913212
0.293936,3,1543.443435
0.605174,3,1544.069445
-0.036207,3,1544.652551
0.335484,3,1545.187677
0.655043,3,1545.728199
0.373275,3,1546.344904
0.315942,3,1546.885856
0.424697,3,1547.439724
0.111066,3,1548.045323
0.585478,3,1548.551022
-0.052899,3,1549.093657
0.28509,3,1549.707123
0.338426,3,1550.240822
0.634089,3,1550.788605
0.630745,3,1551.403601
0.750754,3,1551.958766
0.601709,3,1552.476104
-0.081665,3,1553.12096
0.36754,3,1553.697908
0.784181,3,1554.259279
0.046675,3,1554.794412
0.693884,3,1555.402291
0.883981,3,1555.934114
0.501896,3,1556.461273
0.102754,3,1557.079809
0.427905,3,1557.585543
0.294476,3,1558.117229
0.610898,3,1558.707875
0.449565,3,1559.249647
0.657004,3,1559.848736
0.363158,3,1560.438587
0.514427,3,1560.993263
0.313802,3,1561.548357
-0.095038,3,1562.158113
0.463442,3,1562.71055
0.1192,3,1563.891057
0.372361,3,1564.448072
0.370897,3,1565.098698
0.50395,3,1565.661465
0.617952,3,1566.194074
0.574277,3,1566.825963
0.521435,3,1567.359964
0.356968,3,1567.90753
0.586373,3,1568.501946
0.502091,3,1569.050758
0.434377,3,1569.591699
0.87177,3,1570.189809
0.253284,3,1570.807034
0.48978,3,1571.364459
0.143629,3,1571.948274
0.672612,3,1572.497407
0.441851,3,1573.055659
0.661085,3,1573.664528
0.462413,3,1574.202733
0.256231,3,1574.731946
-0.1326,3,1575.308395
0.70025,3,1575.915701
0.721782,3,1576.43807
0.809124,3,1576.955916
0.851537,3,1577.561161
0.473599,3,1578.077176
0.760362,3,1578.632459
0.295957,3,1579.246016
0.390661,3,1579.774422
-0.20688,3,1580.300036
0.488749,3,1580.920468
0.443686,3,1581.474906
0.463886,3,1581.985473
0.617553,3,1582.586124
0.012049,3,1583.158493
0.45476,3,1583.678245
0.304717,3,1584.242939
0.008224,3,1584.883896
0.688974,3,1585.432039
0.272349,3,1585.962352
0.057942,3,1586.578154
0.451839,3,1587.118294
0.039152,3,1587.630058
0.302994,3,1588.783296
0.416872,3,1589.352172
0.734742,3,1589.879401
0.714443,3,1590.477047
0.72917,3,1591.057119
0.674892,3,1591.580085
0.885446,3,1592.103479
0.249166,3,1592.703204
0.586478,3,1593.246799
0.483101,3,1593.764455
0.87918,3,1594.385865
0.374087,3,1594.919233
0.484842,3,1595.466758
0.356787,3,1596.089107
0.497647,3,1596.619507
0.232798,3,1597.207433
0.582323,3,1597.815078
0.801091,3,1598.361206
0.79704,3,1598.88874
0.398619,3,1599.521122
0.782993,3,1600.049079
0.649428,3,1600.588067
0.25628,3,1601.147651
0.284896,3,1601.758962
0.427842,3,1602.325749
0.420482,3,1602.82215
0.05202,3,1603.41199
0.701603,3,1603.92662
0.428473,3,1604.51137
0.507037,3,1605.14478
0.924758,3,1605.70389
0.428649,3,1606.272895
0.157057,3,1606.911285
0.397412,3,1607.471831
0.177054,3,1608.05683
0.582875,3,1608.612609
0.484919,3,1609.246149
0.386317,3,1609.801369
0.421099,3,1610.348544
0.245609,3,1610.955714
0.892446,3,1611.519528
0.422453,3,1612.044012
0.702995,3,1613.155324
-0.077303,3,1613.691435
0.067653,3,1614.230802
0.58326,3,1614.819869
-0.061528,3,1615.348758
0.309697,3,1615.872595
0.310243,3,1616.440909
0.588412,3,1617.031327
0.652937,3,1617.582794
0.537347,3,1618.143532
0.838778,3,1618.786119
-0.03258,3,1619.340518
0.657538,3,1619.901201
0.143775,3,1620.546211
0.411887,3,1621.073713
0.134065,3,1621.651793
0.2623,3,1622.268806
-0.158639,3,1622.821297
-0.072223,3,1623.362098
0.031028,3,1624.002207
0.45235,3,1624.550221
0.228636,3,1625.085218
0.297453,3,1625.710495
0.566324,3,1626.239403
0.440603,3,1626.7544
0.329672,3,1627.384414
0.93321,3,1627.992704
0.351332,3,1628.527951
0.445611,3,1629.090215
0.50169,3,1629.725161
0.475155,3,1630.301581
0.560137,3,1630.849693
0.841245,3,1631.477458
0.365736,3,1632.03283
0.895093,3,1632.538928
0.871467,3,1633.135479
0.467696,3,1633.679639
0.156003,3,1634.233863
0.134203,3,1634.848655
0.604885,3,1635.396606
0.354954,3,1635.925558
-0.15277,3,1636.488369
0.489862,3,1637.072635
0.593134,3,1638.135216
0.382985,3,1638.717045
0.258671,3,1639.3287
0.254805,3,1639.850901
0.325414,3,1640.431946
0.230009,3,1641.040056
0.542976,3,1641.581222
0.614704,3,1642.115019
0.196637,3,1642.732504
0.807926,3,1643.284884
0.263561,3,1643.850328
0.665044,3,1644.458992
0.530174,3,1645.020308
0.565177,3,1645.567231
0.085505,3,1646.174054
0.492394,3,1646.687078
0.495764,3,1647.268655
0.353474,3,1647.866755
0.616103,3,1648.408815
0.386245,3,1648.967182
0.559701,3,1649.485365
0.646398,3,1650.13483
0.349621,3,1650.665774
0.277855,3,1651.207934
0.50258,3,1651.804665
0.370523,3,1652.328298
0.184185,3,1652.866483
0.457345,3,1653.501184
0.558118,3,1654.0378
0.200741,3,1654.611716
0.615605,3,1655.275313
0.303295,3,1655.819118
0.54946,3,1656.353904
0.872194,3,1656.904412
-0.366312,3,1657.541497
0.038857,3,1658.072137
0.459544,3,1658.610018
0.403642,3,1659.22995
0.481015,3,1659.763619
0.777924,3,1660.352037
0.702562,3,1660.981649
0.530236,3,1661.504773
0.664395,3,1662.042842
0.646123,3,1663.203603
0.469193,3,1663.71572
0.414858,3,1664.266107
0.407666,3,1664.883721
0.439618,3,1665.403815
0.717653,3,1665.95198
0.662385,3,1666.593232
0.527109,3,1667.146821
0.919335,3,1667.701974
0.400184,3,1668.264839
0.726907,3,1668.921741
0.286607,3,1669.502385
0.4138,3,1670.080611
0.627305,3,1670.673115
0.014734,3,1671.217789
0.350032,3,1671.745105
0.696992,3,1672.387704
-0.074298,3,1672.935604
0.191147,3,1673.462651
0.233023,3,1674.010526
0.140661,3,1674.630807
0.214583,3,1675.168689
0.192996,3,1675.720086
0.765494,3,1676.355003
0.463322,3,1676.886435
0.803882,3,1677.426699
0.524121,3,1678.045728
0.113925,3,1678.58014
0.494182,3,1679.101711
0.589515,3,1679.769966
0.361169,3,1680.313389
0.7753,3,1680.88968
0.849099,3,1681.533822
-0.119278,3,1682.086879
0.630165,3,1682.649011
0.644444,3,1683.212708
0.546215,3,1683.858825
0.223427,3,1684.435225
0.459437,3,1684.948922
0.32322,3,1685.559578
0.504631,3,1686.106313
0.095345,3,1686.624875
0.533584,3,1687.802582
0.833288,3,1688.369609
0.714078,3,1688.9276
0.711442,3,1689.54165
0.836818,3,1690.096301
0.350891,3,1690.668858
0.141044,3,1691.305291
0.426753,3,1691.833981
-0.070736,3,1692.383819
0.826813,3,1692.906788
0.317179,3,1693.517306
0.378654,3,1694.045304
0.734979,3,1694.604592
0.271879,3,1695.213295
0.736019,3,1695.754285
-0.253769,3,1696.280915
0.610495,3,1696.923993
0.706394,3,1697.475579
0.611691,3,1698.043997
0.283748,3,1698.657694
0.524523,3,1699.174318
0.346353,3,1699.708976
0.575832,3,1700.328531
0.912553,3,1700.873748
0.669864,3,1701.427541
0.234123,3,1702.026983
0.345627,3,1702.58038
0.607969,3,1703.132237
0.309848,3,1703.671447
0.279878,3,1704.273388
0.837177,3,1704.802625
0.523892,3,1705.33483
0.59712,3,1705.983308
0.514841,3,1706.540434
0.5155,3,1707.055864
0.037804,3,1707.678874
0.50837,3,1708.206167
0.575548,3,1708.749537
0.290283,3,1709.392356
0.845039,3,1709.911956
0.66808,3,1710.495437
0.585845,3,1711.111742
0.421657,3,1711.657341
0.866548,3,1712.691926
0.222572,3,1713.209526
-0.097554,3,1713.839906
-0.134776,3,1714.374507
0.419829,3,1714.933557
0.47667,3,1715.555421
0.344768,3,1716.099591
0.644928,3,1716.672548
0.85171,3,1717.338418
0.518698,3,1717.865623
0.314853,3,1718.376528
0.683239,3,1718.994841
0.555535,3,1719.519637
0.60171,3,1720.075444
0.289999,3,1720.695863
0.751657,3,1721.211389
0.994857,3,1721.73683
0.151121,3,1722.267087
0.822221,3,1722.859363
0.142044,3,1723.399592
0.668354,3,1723.946148
0.520779,3,1724.544505
0.231564,3,1725.117646
0.057901,3,1725.70791
0.07535,3,1726.315695
0.337284,3,1726.855482
0.391964,3,1727.438449
0.656569,3,1728.0402
0.594015,3,1728.561706
-0.080605,3,1729.063762
0.563182,3,1729.603933
0.544533,3,1730.226144
0.515474,3,1730.75592
0.568945,3,1731.289678
0.3402,3,1731.873835
0.759274,3,1732.426308
0.643527,3,1732.98485
0.564834,3,1733.593181
0.822505,3,1734.114838
0.505534,3,1734.643151
0.414298,3,1735.223208
0.543123,3,1735.809096
0.533946,3,1736.339776
0.324558,3,1737.551353
0.519902,3,1738.098897
0.542446,3,1738.631018
0.14737,3,1739.154891
0.765125,3,1739.787944
0.021488,3,1740.368462
0.669287,3,1740.981477
0.960677,3,1741.628103
0.982722,3,1742.190967
0.571036,3,1742.748702
0.611294,3,1743.363815
0.441753,3,1743.91044
0.530236,3,1744.466807
0.919821,3,1745.054112
0.510437,3,1745.593885
0.754689,3,1746.159022
0.784035,3,1746.812159
-0.028907,3,1747.329972
0.534144,3,1747.890025
0.531434,3,1748.425982
0.333142,3,1749.038099
0.212031,3,1749.562143
0.333958,3,1750.100965
0.336503,3,1750.714891
0.273161,3,1751.287394
0.36336,3,1751.840943
0.408305,3,1752.472487
0.582378,3,1753.030251
0.668701,3,1753.559263
0.501556,3,1754.158914
0.238481,3,1754.68634
-0.163369,3,1755.259634
0.528688,3,1755.889371
0.663403,3,1756.440007
0.304475,3,1756.976088
0.554484,3,1757.53815
0.605957,3,1758.191248
0.726741,3,1758.73199
0.593281,3,1759.282404
0.421683,3,1759.914969
0.501869,3,1760.469833
0.283543,3,1760.997352
0.499946,3,1762.126756
0.156641,3,1762.684717
0.46844,3,1763.226239
0.235989,3,1763.84376
0.080822,3,1764.397487
-0.063518,3,1764.977471
0.259359,3,1765.591891
0.525232,3,1766.156269
0.294248,3,1766.668792
0.359498,3,1767.302973
0.289846,3,1767.879945
0.351526,3,1768.462957
0.771081,3,1769.023818
0.509483,3,1769.641888
0.576854,3,1770.189658
0.16011,3,1770.746976
0.376769,3,1771.365931
0.73586,3,1771.892029
0.357497,3,1772.444721
0.483491,3,1773.076712
0.880981,3,1773.650827
0.560766,3,1774.166041
0.365892,3,1774.790907
0.209755,3,1775.347481
0.434375,3,1775.899947
0.634686,3,1776.527191
0.598871,3,1777.083487
0.314512,3,1777.630773
0.704134,3,1778.215466
0.626561,3,1778.830075
0.14714,3,1779.361647
0.711157,3,1779.936767
0.752083,3,1780.553808
-0.077162,3,1781.096086
0.463239,3,1781.66518
0.448417,3,1782.276621
0.054846,3,1782.835204
0.307489,3,1783.373081
0.426504,3,1783.998803
0.532516,3,1784.531643
0.178624,3,1785.07548
0.665208,3,1785.631395
0.133777,3,1786.246034
0.906867,3,1787.354042
0.172285,3,1787.888748
0.410235,3,1788.520813
0.420517,3,1789.063897
0.360682,3,1789.632683
0.402977,3,1790.233442
0.390862,3,1790.804853
0.246635,3,1791.367587
0.572679,3,1792.025542
0.039298,3,1792.569287
-0.394616,3,1793.108915
0.553149,3,1793.725663
0.087243,3,1794.266721
-0.058301,3,1794.799422
0.667108,3,1795.447832
0.482753,3,1795.985703
0.088665,3,1796.527797
0.551506,3,1797.144156
0.568315,3,1797.685723
0.459418,3,1798.23048
-0.028487,3,1798.764271
0.381203,3,1799.458223
0.43841,3,1800.015933
0.531984,3,1800.569575
0.748397,3,1801.18742
0.701019,3,1801.780256
0.63139,3,1802.322437
0.531117,3,1802.946418
0.81949,3,1803.528495
0.243965,3,1804.047508
0.901452,3,1804.68521
0.128634,3,1805.237347
0.454384,3,1805.783285
0.70164,3,1806.336376
0.393198,3,1806.977835
0.821666,3,1807.503452
0.522703,3,1808.067908
0.745865,3,1808.738378
0.418301,3,1809.317608
0.564973,3,1809.865433
0.222173,3,1810.505831
0.637548,3,1811.010698
0.591403,3,1811.544991
0.800615,3,1812.693438
0.402262,3,1813.284764
-0.104127,3,1813.840986
0.601149,3,1814.401971
0.239808,3,1815.037209
0.695134,3,1815.572737
0.843602,3,1816.118019
0.312649,3,1816.739555
0.485235,3,1817.250139
0.129456,3,1817.803966
0.177228,3,1818.44424
0.103281,3,1819.008728
0.820722,3,1819.544484
0.059509,3,1820.153435
0.153481,3,1820.694808
0.42389,3,1821.246294
0.741371,3,1821.801297
0.143027,3,1822.432837
0.367881,3,1822.976242
0.229923,3,1823.51651
0.738416,3,1824.109204
0.593565,3,1824.654311
0.222017,3,1825.169245
0.855617,3,1825.826458
0.232919,3,1826.364959
0.519832,3,1826.888188
0.425363,3,1827.499947
0.17514,3,1828.039898
0.547164,3,1828.61654
0.67687,3,1829.231585
0.318587,3,1829.824249
0.668155,3,1830.365285
0.25686,3,1830.997922
0.500963,3,1831.547617
0.560327,3,1832.076626
0.724459,3,1832.620791
0.390144,3,1833.272751
0.483455,3,1833.836655
0.537717,3,1834.356251
0.672074,3,1834.97774
0.554351,3,1835.540912
0.62693,3,1836.112304
0.055709,3,1837.279671
0.031142,3,1837.842472
0.491922,3,1838.461533
0.717895,3,1839.109354
0.227099,3,1839.669714
0.561243,3,1840.225357
0.52756,3,1840.819063
0.756754,3,1841.344394
0.68446,3,1841.885513
0.063339,3,1842.501905
0.521315,3,1843.136615
0.709444,3,1843.68061
0.414224,3,1844.228513
0.772862,3,1844.827202
0.485684,3,1845.397629
0.505751,3,1845.932668
0.219979,3,1846.548855
0.334614,3,1847.081436
0.689266,3,1847.642406
0.300997,3,1848.295049
-0.055612,3,1848.862764
0.11577,3,1849.404199
0.50328,3,1850.013383
0.806055,3,1850.549293
-0.112362,3,1851.109688
0.300916,3,1851.739969
0.187706,3,1852.257536
0.453652,3,1852.806361
0.466845,3,1853.348473
0.544604,3,1853.988848
0.854888,3,1854.563501
0.198025,3,1855.144255
0.788993,3,1855.742481
0.221622,3,1856.29692
-0.004919,3,1856.866845
-0.02481,3,1857.528471
0.729482,3,1858.098424
0.661159,3,1858.659564
0.252917,3,1859.265533
0.360508,3,1859.875868
0.525574,3,1860.426206
0.155927,3,1860.997722
0.196361,3,1861.600226
0.606791,3,1862.667109
0.749037,3,1863.192209
0.565325,3,1863.783723
-0.186431,3,1864.316081
0.560016,3,1864.868319
0.564059,3,1865.471397
0.385385,3,1866.023398
0.397918,3,1866.564999
0.440787,3,1867.117079
0.442346,3,1867.747274
0.055678,3,1868.287679
0.320382,3,1868.824204
0.047217,3,1869.45741
0.718904,3,1870.001475
0.5766,3,1870.603115
0.951806,3,1871.222347
0.06962,3,1871.753726
0.838723,3,1872.306005
0.240404,3,1872.910448
0.59299,3,1873.454736
0.470461,3,1873.981364
0.244443,3,1874.574068
0.081506,3,1875.144258
0.350439,3,1875.662487
0.790957,3,1876.271294
0.42377,3,1876.82102
0.337287,3,1877.367434
0.604707,3,1877.982707
0.87193,3,1878.530763
0.58517,3,1879.042753
0.53598,3,1879.570504
0.227323,3,1880.170884
0.520166,3,1880.708363
0.730828,3,1881.22951
0.71868,3,1881.87478
0.317605,3,1882.417533
0.291994,3,1882.948076
0.523639,3,1883.594286
0.722395,3,1884.112266
0.594818,3,1884.659729
0.553138,3,1885.283075
0.312059,3,1885.822929
0.30976,3,1886.360943
0.130158,3,1887.418837
0.922749,3,1888.032764
0.51994,3,1888.571055
0.047111,3,1889.115455
0.584604,3,1889.69985
0.725127,3,1890.243724
0.852776,3,1890.761687
0.225328,3,1891.366376
0.359014,3,1891.879517
0.48346,3,1892.450834
0.812043,3,1893.076827
0.559992,3,1893.681978
0.413681,3,1894.239795
0.123876,3,1894.868151
0.653573,3,1895.42912
0.632288,3,1895.969113
0.145791,3,1896.497637
0.120032,3,1897.119066
0.517171,3,1897.697704
0.753866,3,1898.274037
0.710113,3,1898.866855
0.726541,3,1899.392276
0.348282,3,1899.965157
0.632284,3,1900.622316
0.712847,3,1901.209569
0.04096,3,1901.752084
0.385777,3,1902.35408
0.288683,3,1902.882907
0.787931,3,1903.476577
0.349249,3,1904.048805
0.223475,3,1904.656588
-0.395351,3,1905.200699
0.690246,3,1905.754748
0.552845,3,1906.352373
0.669734,3,1906.88859
0.861603,3,1907.407941
0.48244,3,1908.032187
0.721038,3,1908.582927
0.322766,3,1909.111322
0.186969,3,1909.742913
0.793158,3,1910.296879
0.527923,3,1910.835182
0.614574,3,1911.912614
0.624248,3,1912.52249
0.223527,3,1913.073566
0.303526,3,1913.633903
0.532415,3,1914.294688
-0.13947,3,1914.822723
0.519604,3,1915.360887
0.344722,3,1915.9798
0.259892,3,1916.512954
0.148808,3,1917.048706
0.526194,3,1917.687763
0.583202,3,1918.266337
0.42129,3,1918.832586
0.666438,3,1919.46266
0.700893,3,1920.010082
0.693817,3,1920.567337
0.522271,3,1921.10815
0.399367,3,1921.716053
0.321439,3,1922.283899
0.750353,3,1922.846704
0.022769,3,1923.448634
0.232191,3,1923.988054
0.425047,3,1924.522826
0.482255,3,1925.116145
0.709777,3,1925.646633
0.448173,3,1926.191804
0.570429,3,1926.798839
0.735644,3,1927.378541
0.572134,3,1927.902142
0.543123,3,1928.500373
0.662245,3,1929.055152
0.634246,3,1929.625821
0.303568,3,1930.208878
0.470784,3,1930.818015
0.148167,3,1931.369815
0.411891,3,1931.92582
0.439304,3,1932.585535
0.671417,3,1933.114734
0.39605,3,1933.64566
0.788783,3,1934.269104
0.56556,3,1934.794478
0.855962,3,1935.341375
0.106926,3,1935.956811
0.779486,3,1937.005594
0.729462,3,1937.547003
0.370859,3,1938.165771
0.092888,3,1938.715444
0.724155,3,1939.244012
0.885965,3,1939.803612
0.588107,3,1940.444003
0.614983,3,1940.955214
0.423315,3,1941.548564
0.820575,3,1942.157934
0.661916,3,1942.754841
0.596923,3,1943.299298
0.740512,3,1943.896018
0.580688,3,1944.446702
0.769117,3,1945.018698
0.237703,3,1945.631131
0.74927,3,1946.191661
0.059013,3,1946.76007
0.691587,3,1947.297552
0.530634,3,1947.917732
-0.06569,3,1948.470269
0.090833,3,1949.000414
0.648332,3,1949.664177
0.276853,3,1950.202755
0.677003,3,1950.791205
0.49255,3,1951.419486
0.514022,3,1951.948766
0.841911,3,1952.499176
0.405131,3,1953.096688
0.224403,3,1953.678377
0.16668,3,1954.199844
-0.08621,3,1954.731361
0.650036,3,1955.346095
0.788499,3,1955.91068
0.382518,3,1956.507925
0.754027,3,1957.119608
0.668326,3,1957.667993
0.849351,3,1958.224041
0.087859,3,1958.831527
0.105546,3,1959.387043
0.243565,3,1959.925411
0.468892,3,1960.530298
0.14066,3,1961.099161
0.955332,3,1962.188761
0.21447,3,1962.857051
0.186166,3,1963.419761
0.303116,3,1963.96742
0.364175,3,1964.55598
0.573544,3,1965.151725
0.899681,3,1965.705661
0.338137,3,1966.241068
0.295439,3,1966.840198
0.257514,3,1967.371249
0.302984,3,1967.907442
0.308177,3,1968.52168
0.518489,3,1969.097609
0.155036,3,1969.615463
0.596455,3,1970.241597
0.081779,3,1970.794299
0.579842,3,1971.338583
0.736995,3,1971.868124
-0.113051,3,1972.494366
0.685704,3,1973.0406
0.093773,3,1973.596321
0.730118,3,1974.18728
0.608031,3,1974.726249
0.678523,3,1975.296171
0.007451,3,1975.947777
0.091039,3,1976.492234
0.281933,3,1977.044641
0.301163,3,1977.666263
0.413234,3,1978.208608
0.730382,3,1978.757478
0.5488,3,1979.394119
0.330732,3,1979.954635
0.696701,3,1980.505601
0.865794,3,1981.131287
0.652947,3,1981.701498
0.736021,3,1982.241644
0.506864,3,1982.790694
0.316038,3,1983.416377
0.522851,3,1983.976103
0.298806,3,1984.535687
0.417733,3,1985.156937
0.473551,3,1985.704422
0.133719,3,1986.76997
0.692044,3,1987.400673
0.351988,3,1987.941683
0.475772,3,1988.475465
0.246166,3,1989.110305
0.425005,3,1989.700267
0.589421,3,1990.256755
0.701721,3,1990.783456
0.499902,3,1991.40016
0.570183,3,1991.914419
0.36345,3,1992.454487
0.618729,3,1993.069759
0.507891,3,1993.600124
-0.191353,3,1994.118752
0.459647,3,1994.764501
0.277803,3,1995.328929
0.100169,3,1995.867178
0.640445,3,1996.5132
0.332196,3,1997.049614
0.53833,3,1997.578973
0.09412,3,1998.19717
0.899089,3,1998.700308
0.188602,3,1999.240839
0.712238,3,1999.801717
0.882268,3,2000.402202
0.466633,3,2000.938994
-0.279386,3,2001.495192
0.462176,3,2002.103742
0.723764,3,2002.670082
0.572282,3,2003.182333
-0.040267,3,2003.765386
0.912593,3,2004.337262
0.439519,3,2004.870293
0.764726,3,2005.485605
0.084307,3,2006.011461
0.395626,3,2006.545083
0.469562,3,2007.147378
0.40428,3,2007.674964
0.570613,3,2008.233858
0.290389,3,2008.748249
0.432813,3,2009.399618
0.1131,3,2009.955004
0.274571,3,2010.515441
0.604909,3,2011.669237
0.774638,3,2012.215585
0.717225,3,2012.769377
0.557522,3,2013.40618
-0.047506,3,2013.927916
0.315581,3,2014.541092
0.671301,3,2015.13931
0.542599,3,2015.670874
0.638767,3,2016.1907
-0.300023,3,2016.82975
-0.077719,3,2017.362108
0.77008,3,2017.899166
-0.10016,3,2018.525123
0.687321,3,2019.124207
0.869067,3,2019.663412
0.404532,3,2020.209243
0.807522,3,2020.801323
0.752161,3,2021.33451
0.211689,3,2021.892317
0.747048,3,2022.537107
0.326315,3,2023.085659
0.448717,3,2023.648867
0.408459,3,2024.250125
0.313056,3,2024.774958
0.373312,3,2025.340456
0.861711,3,2025.914684
0.828941,3,2026.529418
0.796925,3,2027.050885
0.220667,3,2027.605135
0.592937,3,2028.223408
0.182522,3,2028.778476
0.151945,3,2029.352608
0.739293,3,2029.957774
0.456006,3,2030.4934
0.38698,3,2031.032965
0.506301,3,2031.64291
0.168552,3,2032.162714
0.791123,3,2032.694379
0.195244,3,2033.339185
0.743839,3,2033.887183
0.778138,3,2034.445199
0.764068,3,2035.076782
-0.056514,3,2035.601781
0.644809,3,2036.676063
0.534187,3,2037.22185
0.741699,3,2037.828802
0.094486,3,2038.378293
0.495259,3,2038.915785
0.368328,3,2039.537988
0.19514,3,2040.092523
0.494428,3,2040.650943
0.481882,3,2041.258176
-0.184987,3,2041.768748
0.335285,3,2042.28916
0.674401,3,2042.894224
0.770095,3,2043.423573
0.723156,3,2043.943806
0.320274,3,2044.585319
0.196873,3,2045.118489
0.610257,3,2045.654296
0.416943,3,2046.214421
0.165943,3,2046.85589
0.850604,3,2047.422386
0.794135,3,2047.976642
0.245404,3,2048.575226
0.533277,3,2049.10515
0.390843,3,2049.637513
0.485908,3,2050.294949
0.537534,3,2050.809107
0.393176,3,2051.377116
0.50938,3,2051.975471
0.381633,3,2052.540537
0.414629,3,2053.113635
0.696805,3,2053.65974
0.824292,3,2054.261112
-0.157079,3,2054.78077
0.485795,3,2055.338584
0.436132,3,2055.93031
0.145316,3,2056.520656
0.741303,3,2057.066064
0.287839,3,2057.675363
0.629965,3,2058.202796
0.370461,3,2058.717402
0.397698,3,2059.239695
0.008805,3,2059.872518
0.213012,3,2060.977985
0.576527,3,2061.48866
0.685599,3,2062.081174
-0.03982,3,2062.618174
0.023675,3,2063.154866
0.601621,3,2063.762555
0.110995,3,2064.345565
0.504908,3,2064.878318
0.640373,3,2065.516854
0.356955,3,2066.061221
0.592078,3,2066.606919
0.672854,3,2067.225658
0.762068,3,2067.793138
0.552699,3,2068.341157
0.494253,3,2068.972537
0.510789,3,2069.523897
0.521465,3,2070.064669
0.16579,3,2070.577138
0.257765,3,2071.164335
0.316076,3,2071.712431
0.398437,3,2072.258886
0.414044,3,2072.85528
0.315496,3,2073.40761
0.775996,3,2073.937458
0.391585,3,2074.553123
0.785451,3,2075.087795
0.474518,3,2075.65538
0.477919,3,2076.275808
0.357908,3,2076.827286
0.739848,3,2077.378502
0.553112,3,2077.913439
0.365519,3,2078.505105
0.339629,3,2079.026634
0.162569,3,2079.56619
0.86697,3,2080.161517
0.346518,3,2080.709095
0.489521,3,2081.24689
0.463021,3,2081.847273
0.647734,3,2082.406336
0.34219,3,2082.939794
0.431647,3,2083.559092
0.238648,3,2084.101035
0.446684,3,2084.647224
-0.071858,3,2085.828617
0.72368,3,2086.35868
0.028179,3,2086.924861
0.326105,3,2087.474234
0.789025,3,2088.107682
0.777524,3,2088.668645
0.278992,3,2089.188371
0.729861,3,2089.803325
0.569271,3,2090.393013
0.967181,3,2090.930914
0.499071,3,2091.54664
0.395901,3,2092.082575
0.578052,3,2092.649125
-0.078783,3,2093.266038
0.784872,3,2093.850759
-0.008262,3,2094.391926
0.413657,3,2095.015385
0.445687,3,2095.597732
0.61129,3,2096.140178
-0.026042,3,2096.668248
0.766777,3,2097.32505
0.557071,3,2097.873281
0.728215,3,2098.430942
0.362006,3,2099.053219
0.354938,3,2099.592021
0.484476,3,2100.142201
0.307358,3,2100.791363
0.407393,3,2101.352059
-0.06078,3,2101.89068
0.563709,3,2102.420568
0.543954,3,2103.038519
0.507695,3,2103.622236
0.336866,3,2104.173344
0.469272,3,2104.802844
0.302947,3,2105.338005
0.474766,3,2105.901715
0.131209,3,2106.553545
0.663182,3,2107.11691
0.537571,3,2107.672605
0.544647,3,2108.267323
0.552834,3,2108.785633
0.479569,3,2109.338887
0.230905,3,2109.955722
0.595007,3,2111.016496
0.268267,3,2111.539367
0.504218,3,2112.086896
0.268808,3,2112.68892
0.130596,3,2113.226898
-0.137396,3,2113.836185
0.232258,3,2114.480618
0.520905,3,2115.002558
0.6745,3,2115.529418
0.296507,3,2116.141696
0.641576,3,2116.684857
0.288368,3,2117.231272
0.684351,3,2117.741885
-0.121146,3,2118.355593
0.150992,3,2118.878808
0.081383,3,2119.434185
0.733817,3,2120.046669
0.483981,3,2120.642788
0.409311,3,2121.167531
0.211417,3,2121.806259
0.069613,3,2122.349412
0.680309,3,2122.8843
0.984115,3,2123.472365
0.311616,3,2123.99348
0.141109,3,2124.549659
0.093787,3,2125.165832
0.504349,3,2125.699244
0.54005,3,2126.25848
0.593441,3,2126.791016
0.272311,3,2127.437042
0.388354,3,2127.986136
0.424749,3,2128.528598
0.060215,3,2129.16739
0.587825,3,2129.725748
0.494264,3,2130.282775
0.68384,3,2130.883436
0.547405,3,2131.422744
0.543779,3,2131.985417
0.251304,3,2132.589332
0.733173,3,2133.144698
0.274465,3,2133.671622
0.283363,3,2134.27181
0.709094,3,2135.301993
0.548134,3,2135.894335
0.536192,3,2136.432129
0.728629,3,2137.059252
0.319777,3,2137.601488
0.121343,3,2138.122027
0.509063,3,2138.731894
0.78718,3,2139.277332
0.52877,3,2139.821084
-0.426264,3,2140.434423
0.519911,3,2140.966575
0.800531,3,2141.513047
0.661176,3,2142.132934
0.786099,3,2142.676615
0.21801,3,2143.22405
0.401912,3,2143.854731
0.268115,3,2144.38608
0.413206,3,2144.932602
0.583108,3,2145.48954
0.580295,3,2146.125162
0.820937,3,2146.694301
-0.230981,3,2147.217018
0.657363,3,2147.839262
0.74716,3,2148.393015
0.378965,3,2148.982616
0.916399,3,2149.581187
0.540554,3,2150.132051
0.292657,3,2150.673009
0.478468,3,2151.315409
0.798277,3,2151.904075
0.521986,3,2152.438367
0.546087,3,2152.989565
0.424818,3,2153.601364
0.826773,3,2154.141186
0.077618,3,2154.640363
0.139139,3,2155.26531
0.664282,3,2155.848603
0.503334,3,2156.372339
0.481787,3,2156.993678
0.308226,3,2157.510868
0.315735,3,2158.069509
0.265802,3,2158.69715
-0.09028,3,2159.245078
0.279362,3,2160.327275
0.344956,3,2160.85044
0.469262,3,2161.451066
0.512342,3,2161.989664
0.225426,3,2162.521282
0.517311,3,2163.16429
0.635366,3,2163.716147
0.666396,3,2164.265934
0.354972,3,2164.921297
0.543,3,2165.501149
0.439599,3,2166.043245
0.58847,3,2166.638924
0.597403,3,2167.220798
0.844375,3,2167.790365
0.506726,3,2168.324556
0.365134,3,2168.932351
0.46122,3,2169.463595
0.583566,3,2170.021058
0.679195,3,2170.626154
0.465756,3,2171.141762
0.625869,3,2171.677597
0.082792,3,2172.330042
0.406725,3,2172.877981
0.791013,3,2173.422369
0.740938,3,2174.012514
0.885644,3,2174.577131
0.065474,3,2175.094411
0.706465,3,2175.641095
0.771193,3,2176.288508
0.446802,3,2176.821339
0.323983,3,2177.398494
0.427169,3,2178.036531
0.374405,3,2178.62847
0.340083,3,2179.146265
0.290489,3,2179.808705
0.51499,3,2180.347195
0.830763,3,2180.915757
0.132963,3,2181.543245
-0.050841,3,2182.079516
0.569393,3,2182.626774
-0.079901,3,2183.169942
0.900395,3,2183.797005
0.243162,3,2184.351305
0.557866,3,2185.460438
0.379893,3,2186.074507
0.901527,3,2186.617871
0.523045,3,2187.16646
0.089935,3,2187.789929
0.758211,3,2188.322424
0.726806,3,2188.88976
0.201738,3,2189.461288
0.023738,3,2190.07019
0.255794,3,2190.610241
0.672632,3,2191.154291
0.679011,3,2191.769547
0.373588,3,2192.341591
0.682123,3,2192.859326
0.490595,3,2193.468516
0.571057,3,2194.019207
0.632504,3,2194.577294
0.391997,3,2195.207737
0.301542,3,2195.753646
0.660805,3,2196.27871
0.496821,3,2196.931459
0.259624,3,2197.447511
0.4445,3,2198.014324
0.573295,3,2198.554797
0.646079,3,2199.180169
0.957176,3,2199.724013
0.785902,3,2200.248778
0.266383,3,2200.839754
0.453213,3,2201.368246
0.300424,3,2201.905034
0.197589,3,2202.567794
0.022957,3,2203.100993
0.547951,3,2203.646137
0.760911,3,2204.251659
0.4704,3,2204.77448
0.835653,3,2205.336694
0.492282,3,2205.856384
0.552179,3,2206.496343
0.445021,3,2207.035844
0.487761,3,2207.630111
0.002035,3,2208.216491
0.295716,3,2208.759767
0.21909,3,2209.931444
0.265306,3,2210.569846
0.153143,3,2211.120895
0.643876,3,2211.655968
0.532394,3,2212.254642
0.642855,3,2212.800184
0.553272,3,2213.325616
0.397678,3,2213.978413
0.507372,3,2214.51617
0.682216,3,2215.052003
0.267505,3,2215.623204
0.020459,3,2216.219196
0.637448,3,2216.745578
0.609654,3,2217.292295
0.60549,3,2217.923174
0.198255,3,2218.466551
0.237224,3,2219.008157
0.587904,3,2219.639721
0.563119,3,2220.21251
0.284404,3,2220.739558
0.04379,3,2221.350193
0.309523,3,2221.88447
0.795873,3,2222.458573
0.322227,3,2223.088077
0.16219,3,2223.639846
0.913665,3,2224.205388
0.819295,3,2224.747123
0.570471,3,2225.355445
0.051787,3,2225.907784
0.532744,3,2226.45466
0.579294,3,2227.051558
0.568212,3,2227.624039
0.512452,3,2228.169692
0.067686,3,2228.770586
0.738889,3,2229.314878
0.386997,3,2229.85313
0.604268,3,2230.459424
0.893879,3,2231.007693
0.016436,3,2231.530604
0.346267,3,2232.174847
0.465676,3,2232.729331
0.465308,3,2233.288399
0.687981,3,2233.852987
0.661891,3,2234.971349
0.199697,3,2235.536819
0.471357,3,2236.08897
0.851451,3,2236.707779
0.374777,3,2237.245806
0.784133,3,2237.763768
0.747869,3,2238.364611
-0.067944,3,2238.913493
0.393288,3,2239.470526
0.297743,3,2240.073186
0.164846,3,2240.614807
0.351425,3,2241.14969
0.634101,3,2241.684057
0.466964,3,2242.269982
0.298462,3,2242.796103
0.248648,3,2243.371593
0.611852,3,2244.011488
0.160426,3,2244.547336
0.103889,3,2245.104969
-0.072533,3,2245.743755
0.324278,3,2246.268861
0.308336,3,2246.837593
0.029344,3,2247.478956
0.377003,3,2248.042655
0.806868,3,2248.575444
0.490338,3,2249.082902
0.474442,3,2249.694549
0.364471,3,2250.253473
0.548596,3,2250.78232
0.572864,3,2251.410444
0.556584,3,2251.964523
0.585498,3,2252.525996
0.209993,3,2253.167893
0.565264,3,2253.667815
0.763846,3,2254.215654
0.240724,3,2254.822379
0.676698,3,2255.356948
0.352574,3,2255.882041
0.952284,3,2256.487692
0.7501,3,2257.060008
0.350863,3,2257.630808
0.55383,3,2258.175726
0.444897,3,2258.78982
0.051631,3,2259.866915
0.422518,3,2260.41507
-0.289001,3,2261.052288
0.528416,3,2261.627241
0.195999,3,2262.162571
0.557628,3,2262.786148
0.602612,3,2263.304181
0.198547,3,2263.839202
0.451901,3,2264.459708
0.324663,3,2264.988721
0.685004,3,2265.557494
0.382792,3,2266.13736
-0.024291,3,2266.760765
0.413695,3,2267.308329
-0.011245,3,2267.887094
0.535258,3,2268.52577
0.358438,3,2269.097597
0.72328,3,2269.679258
0.971711,3,2270.304755
0.737511,3,2270.856762
0.879411,3,2271.412363
0.266373,3,2272.020576
0.289104,3,2272.600443
0.389358,3,2273.125327
0.630097,3,2273.685667
0.178146,3,2274.327523
0.635857,3,2274.884734
0.317364,3,2275.457922
0.120319,3,2276.088453
0.882844,3,2276.628377
0.297856,3,2277.176955
0.446959,3,2277.811498
0.257473,3,2278.334546
0.631246,3,2278.866608
0.611561,3,2279.499522
0.144797,3,2280.073821
0.278954,3,2280.622357
0.576659,3,2281.256717
0.82361,3,2281.814957
0.36986,3,2282.342448
0.238237,3,2282.87651
0.431615,3,2283.51118
0.618359,3,2284.565391
0.693142,3,2285.118006
0.793465,3,2285.737454
0.740005,3,2286.270309
0.56873,3,2286.823288
0.635098,3,2287.472931
0.501637,3,2287.9881
0.918839,3,2288.524711
0.69696,3,2289.047964
0.213777,3,2289.664268
0.447209,3,2290.201836
0.279871,3,2290.783299
0.457692,3,2291.441123
0.575364,3,2291.993936
0.513376,3,2292.552986
0.50369,3,2293.15332
0.368109,3,2293.722912
0.508397,3,2294.273319
0.334191,3,2294.890484
0.55793,3,2295.49843
0.548476,3,2296.054244
0.83149,3,2296.688064
0.707875,3,2297.246209
0.569291,3,2297.774304
0.424798,3,2298.330019
0.379676,3,2298.947126
0.518957,3,2299.469455
0.025434,3,2300.042702
0.31798,3,2300.650704
0.582642,3,2301.180535
0.58832,3,2301.727152
0.142016,3,2302.321392
0.822056,3,2302.903204
0.362331,3,2303.445671
0.322903,3,2304.065182
0.368167,3,2304.584078
0.693721,3,2305.132828
0.618048,3,2305.713911
0.86486,3,2306.277361
0.437876,3,2306.826934
0.525298,3,2307.392175
0.728898,3,2308.011234
0.19155,3,2308.568447
0.669677,3,2309.638438
0.56489,3,2310.274917
0.443565,3,2310.843069
0.670737,3,2311.394733
0.653547,3,2312.022834
0.546535,3,2312.607219
0.582402,3,2313.121368
0.248045,3,2313.623607
0.15114,3,2314.249641
0.30803,3,2314.784566
0.897306,3,2315.319793
-0.052184,3,2315.92969
0.336094,3,2316.49736
0.527145,3,2317.046799
-0.0606,3,2317.688823
0.462322,3,2318.256948
0.497958,3,2318.804783
0.302857,3,2319.401653
0.483792,3,2319.937838
0.411828,3,2320.527294
0.9703,3,2321.125117
0.382668,3,2321.662025
0.321252,3,2322.257859
0.745774,3,2322.818487
0.747663,3,2323.404771
0.447251,3,2323.972479
0.6577,3,2324.535566
0.303734,3,2325.150308
0.821823,3,2325.679232
0.239775,3,2326.238895
0.876447,3,2326.867551
0.309214,3,2327.422202
0.204679,3,2327.943015
0.395484,3,2328.556148
0.328377,3,2329.11899
0.851,3,2329.662634
0.273614,3,2330.303843
-0.212644,3,2330.841486
0.179198,3,2331.343211
0.444669,3,2331.90563
0.607298,3,2332.491791
0.318376,3,2333.030965
0.874899,3,2333.594748
0.050423,3,2334.730359
0.538489,3,2335.275464
0.407937,3,2335.881162
0.859186,3,2336.502168
0.557476,3,2337.005463
0.500733,3,2337.577181
0.161138,3,2338.173349
0.530617,3,2338.728786
0.757608,3,2339.285757
0.710331,3,2339.830236
0.187977,3,2340.49079
0.479638,3,2341.005699
0.319315,3,2341.534097
0.437037,3,2342.163113
0.475683,3,2342.691046
0.745964,3,2343.229187
0.591314,3,2343.857799
0.710345,3,2344.420886
0.736102,3,2344.961677
0.311377,3,2345.609547
0.429583,3,2346.166296
0.383534,3,2346.722522
0.490237,3,2347.353106
0.538085,3,2347.911017
0.743647,3,2348.432419
0.385016,3,2349.000817
0.649571,3,2349.619977
0.364188,3,2350.184554
0.776323,3,2350.709581
0.574469,3,2351.384177
0.553212,3,2351.92144
0.862861,3,2352.496299
0.412239,3,2353.112095
0.488667,3,2353.658969
0.480789,3,2354.219464
0.66542,3,2354.818411
0.571849,3,2355.363781
0.574455,3,2355.923444
0.475177,3,2356.475894
0.504424,3,2357.084714
0.257125,3,2357.656622
0.229975,3,2358.210042
0.139319,3,2359.325892
0.26568,3,2359.901097
0.646182,3,2360.470297
0.481217,3,2361.14174
0.79044,3,2361.721395
0.589687,3,2362.266294
0.42663,3,2362.885899
0.654065,3,2363.459844
0.701482,3,2363.97704
0.6094,3,2364.526805
0.450522,3,2365.169273
0.768951,3,2365.724906
0.905126,3,2366.274946
0.633146,3,2366.889522
0.800861,3,2367.421427
0.838412,3,2367.948391
0.826428,3,2368.61023
0.517599,3,2369.164531
0.911865,3,2369.713855
0.281641,3,2370.313182
0.633937,3,2370.879158
0.611127,3,2371.448775
9.9e-05,3,2372.020576
0.65938,3,2372.635097
0.318431,3,2373.182971
0.622065,3,2373.699639
0.820367,3,2374.319916
0.416132,3,2374.865623
-0.124086,3,2375.439581
0.612802,3,2376.074949
0.701323,3,2376.6478
0.450636,3,2377.217295
0.232358,3,2377.849859
0.600761,3,2378.393651
0.79659,3,2378.965289
0.636085,3,2379.585949
0.491175,3,2380.096404
0.342922,3,2380.630462
0.602643,3,2381.206398
0.171152,3,2381.852866
0.635064,3,2382.421776
0.777152,3,2382.988419
0.31877,3,2383.646306
0.52575,3,2384.75853
0.529819,3,2385.300112
0.134733,3,2385.947729
0.601858,3,2386.509612
0.340172,3,2387.025222
0.796732,3,2387.661141
0.335347,3,2388.195643
0.855616,3,2388.721163
0.341988,3,2389.335964
0.303504,3,2389.876845
0.244976,3,2390.421501
0.731362,3,2390.978608
0.450799,3,2391.586823
0.697583,3,2392.135297
0.652788,3,2392.710394
0.465565,3,2393.361156
0.622694,3,2393.906993
0.159311,3,2394.451185
0.203426,3,2395.03638
0.376426,3,2395.589499
0.560402,3,2396.161441
-0.146627,3,2396.786184
0.070838,3,2397.308574
0.805768,3,2397.866361
0.174904,3,2398.439204
0.429329,3,2399.030833
0.288421,3,2399.602727
0.191115,3,2400.199898
0.167534,3,2400.871328
0.43511,3,2401.401437
0.380884,3,2401.933148
0.547195,3,2402.557239
0.897754,3,2403.110908
0.622494,3,2403.644214
0.842674,3,2404.253879
0.6345,3,2404.790261
0.422472,3,2405.321333
-0.001951,3,2405.908341
0.206789,3,2406.497697
0.527091,3,2407.115276
-0.086719,3,2407.677139
0.564261,3,2408.252047
0.001046,3,2408.813249
0.692268,3,2409.864943
0.576933,3,2410.465872
0.541622,3,2410.997809
0.071558,3,2411.513805
0.394437,3,2412.14029
0.235485,3,2412.674154
0.271055,3,2413.241768
0.694086,3,2413.888247
0.366864,3,2414.450317
0.618744,3,2415.000401
0.302212,3,2415.534027
0.946719,3,2416.14178
0.5135,3,2416.724541
0.731782,3,2417.26939
0.342048,3,2417.859173
0.810775,3,2418.412825
0.745921,3,2418.955836
0.484707,3,2419.578351
0.259387,3,2420.117091
0.280871,3,2420.700215
-0.116252,3,2421.386219
0.03715,3,2421.929951
0.403142,3,2422.487128
0.970089,3,2423.108667
0.668598,3,2423.667629
0.084364,3,2424.20723
-0.000456,3,2424.813632
0.614765,3,2425.361143
0.587843,3,2425.891563
0.142613,3,2426.441069
0.817355,3,2427.075745
0.688311,3,2427.628512
0.662541,3,2428.188814
0.713434,3,2428.783618
0.384127,3,2429.353897
0.27867,3,2429.882025
0.018826,3,2430.477201
0.326915,3,2430.998994
0.704296,3,2431.538137
0.561868,3,2432.156437
0.608193,3,2432.721014
0.857876,3,2433.264913
